
==== NOVO INSERT ====
2025-07-08 11:16:49
Array
(
    [adms_user_id] => 6
    [adms_training_id] => 8
    [data_realizacao] => 2025-07-08
    [data_agendada] => 
    [instrutor_nome] => 
    [instrutor_email] => 
    [aplicado_por] => 
    [nota] => 8.3
    [observacoes] => 
    [status] => concluido
)

SQL: INSERT INTO adms_training_applications (
                        adms_user_id, adms_training_id, data_realizacao, data_agendada, instrutor_nome, instrutor_email, instructor_user_id, real_instructor_nome, real_instructor_email, aplicado_por, nota, observacoes, status, created_at, updated_at
                    ) VALUES (
                        :adms_user_id, :adms_training_id, :data_realizacao, :data_agendada, :instrutor_nome, :instrutor_email, :instructor_user_id, :real_instructor_nome, :real_instructor_email, :aplicado_por, :nota, :observacoes, :status, :created_at, NOW()
                    )

PARAMS: Array
(
    [:adms_user_id] => 6
    [:adms_training_id] => 8
    [:data_realizacao] => 2025-07-08
    [:data_agendada] => 
    [:instrutor_nome] => 
    [:instrutor_email] => 
    [:instructor_user_id] => 
    [:real_instructor_nome] => 
    [:real_instructor_email] => 
    [:aplicado_por] => 
    [:nota] => 8.3
    [:observacoes] => 
    [:status] => concluido
    [:created_at] => 2025-07-08 11:16:49
)

Novo ID: 93

==== NOVO INSERT ====
2025-07-08 11:16:49
Array
(
    [adms_user_id] => 6
    [adms_training_id] => 8
    [data_realizacao] => 2025-07-08
    [data_agendada] => 
    [nota] => 8.3
    [observacoes] => 
    [instrutor_nome] => 
    [instrutor_email] => camila.lago@tiaraju.com.br
    [instructor_user_id] => 7
    [real_instructor_nome] => Camila Carvalho Lago
    [real_instructor_email] => camila.lago@tiaraju.com.br
    [aplicado_por] => 1
    [status] => concluido
)

Registro já existe: Array
(
    [id] => 93
)

==== NOVO INSERT ====
2025-07-08 11:22:33
Array
(
    [adms_user_id] => 6
    [adms_training_id] => 11
    [data_realizacao] => 2025-07-05
    [data_agendada] => 
    [nota] => 7.4
    [observacoes] => 
    [instrutor_nome] => 
    [instrutor_email] => camila.lago@tiaraju.com.br
    [instructor_user_id] => 7
    [real_instructor_nome] => Camila Carvalho Lago
    [real_instructor_email] => camila.lago@tiaraju.com.br
    [aplicado_por] => 1
    [status] => concluido
)

SQL: INSERT INTO adms_training_applications (
                        adms_user_id, adms_training_id, data_realizacao, data_agendada, instrutor_nome, instrutor_email, instructor_user_id, real_instructor_nome, real_instructor_email, aplicado_por, nota, observacoes, status, created_at, updated_at
                    ) VALUES (
                        :adms_user_id, :adms_training_id, :data_realizacao, :data_agendada, :instrutor_nome, :instrutor_email, :instructor_user_id, :real_instructor_nome, :real_instructor_email, :aplicado_por, :nota, :observacoes, :status, :created_at, NOW()
                    )

PARAMS: Array
(
    [:adms_user_id] => 6
    [:adms_training_id] => 11
    [:data_realizacao] => 2025-07-05
    [:data_agendada] => 
    [:instrutor_nome] => 
    [:instrutor_email] => camila.lago@tiaraju.com.br
    [:instructor_user_id] => 7
    [:real_instructor_nome] => Camila Carvalho Lago
    [:real_instructor_email] => camila.lago@tiaraju.com.br
    [:aplicado_por] => 1
    [:nota] => 7.4
    [:observacoes] => 
    [:status] => concluido
    [:created_at] => 2025-07-08 11:22:33
)

Novo ID: 94

==== NOVO INSERT ====
2025-07-09 14:42:51
Array
(
    [adms_user_id] => 6
    [adms_training_id] => 11
    [data_realizacao] => 
    [data_agendada] => 2025-07-10
    [nota] => 
    [observacoes] => 
    [instrutor_nome] => 
    [instrutor_email] => 
    [aplicado_por] => 1
    [status] => agendado
)

SQL: INSERT INTO adms_training_applications (
                        adms_user_id, adms_training_id, data_realizacao, data_agendada, instrutor_nome, instrutor_email, instructor_user_id, real_instructor_nome, real_instructor_email, aplicado_por, nota, observacoes, status, created_at, updated_at
                    ) VALUES (
                        :adms_user_id, :adms_training_id, :data_realizacao, :data_agendada, :instrutor_nome, :instrutor_email, :instructor_user_id, :real_instructor_nome, :real_instructor_email, :aplicado_por, :nota, :observacoes, :status, :created_at, NOW()
                    )

PARAMS: Array
(
    [:adms_user_id] => 6
    [:adms_training_id] => 11
    [:data_realizacao] => 
    [:data_agendada] => 2025-07-10
    [:instrutor_nome] => 
    [:instrutor_email] => 
    [:instructor_user_id] => 
    [:real_instructor_nome] => 
    [:real_instructor_email] => 
    [:aplicado_por] => 1
    [:nota] => 
    [:observacoes] => 
    [:status] => agendado
    [:created_at] => 2025-07-09 14:42:51
)

Novo ID: 95

==== NOVO INSERT ====
2025-07-10 11:35:32
Array
(
    [adms_user_id] => 7
    [adms_training_id] => 12
    [data_realizacao] => 2025-07-10
    [data_agendada] => 
    [nota] => 8.5
    [observacoes] => TEste
    [instrutor_nome] => 
    [instrutor_email] => camila.lago@tiaraju.com.br
    [instructor_user_id] => 7
    [real_instructor_nome] => Camila Carvalho Lago
    [real_instructor_email] => camila.lago@tiaraju.com.br
    [aplicado_por] => 1
    [status] => concluido
)

SQL: INSERT INTO adms_training_applications (
                        adms_user_id, adms_training_id, data_realizacao, data_agendada, instrutor_nome, instrutor_email, instructor_user_id, real_instructor_nome, real_instructor_email, aplicado_por, nota, observacoes, status, created_at, updated_at
                    ) VALUES (
                        :adms_user_id, :adms_training_id, :data_realizacao, :data_agendada, :instrutor_nome, :instrutor_email, :instructor_user_id, :real_instructor_nome, :real_instructor_email, :aplicado_por, :nota, :observacoes, :status, :created_at, NOW()
                    )

PARAMS: Array
(
    [:adms_user_id] => 7
    [:adms_training_id] => 12
    [:data_realizacao] => 2025-07-10
    [:data_agendada] => 
    [:instrutor_nome] => 
    [:instrutor_email] => camila.lago@tiaraju.com.br
    [:instructor_user_id] => 7
    [:real_instructor_nome] => Camila Carvalho Lago
    [:real_instructor_email] => camila.lago@tiaraju.com.br
    [:aplicado_por] => 1
    [:nota] => 8.5
    [:observacoes] => TEste
    [:status] => concluido
    [:created_at] => 2025-07-10 11:35:32
)

Novo ID: 96

==== NOVO INSERT ====
2025-07-14 16:54:41
Array
(
    [adms_user_id] => 7
    [adms_training_id] => 12
    [data_realizacao] => 2025-07-10
    [data_avaliacao] => 2025-07-11
    [data_agendada] => 
    [nota] => 9.5
    [observacoes] => TEste
    [instrutor_nome] => 
    [instrutor_email] => 
    [instructor_user_id] => 
    [real_instructor_nome] => 
    [real_instructor_email] => 
    [aplicado_por] => 1
    [status] => concluido
)

SQL: INSERT INTO adms_training_applications (
                        adms_user_id, adms_training_id, data_realizacao, data_avaliacao, data_agendada, instrutor_nome, instrutor_email, instructor_user_id, real_instructor_nome, real_instructor_email, aplicado_por, nota, observacoes, status, created_at, updated_at
                    ) VALUES (
                        :adms_user_id, :adms_training_id, :data_realizacao, :data_avaliacao, :data_agendada, :instrutor_nome, :instrutor_email, :instructor_user_id, :real_instructor_nome, :real_instructor_email, :aplicado_por, :nota, :observacoes, :status, :created_at, NOW()
                    )

PARAMS: Array
(
    [:adms_user_id] => 7
    [:adms_training_id] => 12
    [:data_realizacao] => 2025-07-10
    [:data_avaliacao] => 2025-07-11
    [:data_agendada] => 
    [:instrutor_nome] => 
    [:instrutor_email] => 
    [:instructor_user_id] => 
    [:real_instructor_nome] => 
    [:real_instructor_email] => 
    [:aplicado_por] => 1
    [:nota] => 9.5
    [:observacoes] => TEste
    [:status] => concluido
    [:created_at] => 2025-07-14 16:54:41
)

Novo ID: 1

==== NOVO INSERT ====
2025-07-18 08:46:07
Array
(
    [adms_user_id] => 12
    [adms_training_id] => 12
    [data_realizacao] => 2025-07-18
    [data_avaliacao] => 2025-07-18
    [data_agendada] => 
    [nota] => 9
    [observacoes] => 
    [instrutor_nome] => 
    [instrutor_email] => camila.lago@tiaraju.com.br
    [instructor_user_id] => 7
    [real_instructor_nome] => Camila Carvalho Lago
    [real_instructor_email] => camila.lago@tiaraju.com.br
    [aplicado_por] => 1
    [status] => concluido
)

SQL: INSERT INTO adms_training_applications (
                        adms_user_id, adms_training_id, data_realizacao, data_avaliacao, data_agendada, instrutor_nome, instrutor_email, instructor_user_id, real_instructor_nome, real_instructor_email, aplicado_por, nota, observacoes, status, created_at, updated_at
                    ) VALUES (
                        :adms_user_id, :adms_training_id, :data_realizacao, :data_avaliacao, :data_agendada, :instrutor_nome, :instrutor_email, :instructor_user_id, :real_instructor_nome, :real_instructor_email, :aplicado_por, :nota, :observacoes, :status, :created_at, NOW()
                    )

PARAMS: Array
(
    [:adms_user_id] => 12
    [:adms_training_id] => 12
    [:data_realizacao] => 2025-07-18
    [:data_avaliacao] => 2025-07-18
    [:data_agendada] => 
    [:instrutor_nome] => 
    [:instrutor_email] => camila.lago@tiaraju.com.br
    [:instructor_user_id] => 7
    [:real_instructor_nome] => Camila Carvalho Lago
    [:real_instructor_email] => camila.lago@tiaraju.com.br
    [:aplicado_por] => 1
    [:nota] => 9
    [:observacoes] => 
    [:status] => concluido
    [:created_at] => 2025-07-18 08:46:07
)

Novo ID: 2

==== NOVO INSERT ====
2025-07-21 13:18:28
Array
(
    [adms_user_id] => 12
    [adms_training_id] => 12
    [data_realizacao] => 2025-07-01
    [data_avaliacao] => 2025-07-10
    [data_agendada] => 
    [nota] => 5
    [observacoes] => 
    [instrutor_nome] => 
    [instrutor_email] => camila.lago@tiaraju.com.br
    [instructor_user_id] => 7
    [real_instructor_nome] => Camila Carvalho Lago
    [real_instructor_email] => camila.lago@tiaraju.com.br
    [aplicado_por] => 7
    [status] => concluido
)

SQL: INSERT INTO adms_training_applications (
                        adms_user_id, adms_training_id, data_realizacao, data_avaliacao, data_agendada, instrutor_nome, instrutor_email, instructor_user_id, real_instructor_nome, real_instructor_email, aplicado_por, nota, observacoes, status, created_at, updated_at
                    ) VALUES (
                        :adms_user_id, :adms_training_id, :data_realizacao, :data_avaliacao, :data_agendada, :instrutor_nome, :instrutor_email, :instructor_user_id, :real_instructor_nome, :real_instructor_email, :aplicado_por, :nota, :observacoes, :status, :created_at, NOW()
                    )

PARAMS: Array
(
    [:adms_user_id] => 12
    [:adms_training_id] => 12
    [:data_realizacao] => 2025-07-01
    [:data_avaliacao] => 2025-07-10
    [:data_agendada] => 
    [:instrutor_nome] => 
    [:instrutor_email] => camila.lago@tiaraju.com.br
    [:instructor_user_id] => 7
    [:real_instructor_nome] => Camila Carvalho Lago
    [:real_instructor_email] => camila.lago@tiaraju.com.br
    [:aplicado_por] => 7
    [:nota] => 5
    [:observacoes] => 
    [:status] => concluido
    [:created_at] => 2025-07-21 13:18:28
)

Novo ID: 3

==== NOVO INSERT ====
2025-07-21 13:20:25
Array
(
    [adms_user_id] => 7
    [adms_training_id] => 12
    [data_realizacao] => 2025-07-21
    [data_avaliacao] => 2025-07-21
    [data_agendada] => 
    [nota] => 5
    [observacoes] => 
    [instrutor_nome] => 
    [instrutor_email] => aline.veiga@tiaraju.com.br
    [instructor_user_id] => 6
    [real_instructor_nome] => Aline Veiga
    [real_instructor_email] => aline.veiga@tiaraju.com.br
    [aplicado_por] => 7
    [status] => concluido
)

SQL: INSERT INTO adms_training_applications (
                        adms_user_id, adms_training_id, data_realizacao, data_avaliacao, data_agendada, instrutor_nome, instrutor_email, instructor_user_id, real_instructor_nome, real_instructor_email, aplicado_por, nota, observacoes, status, created_at, updated_at
                    ) VALUES (
                        :adms_user_id, :adms_training_id, :data_realizacao, :data_avaliacao, :data_agendada, :instrutor_nome, :instrutor_email, :instructor_user_id, :real_instructor_nome, :real_instructor_email, :aplicado_por, :nota, :observacoes, :status, :created_at, NOW()
                    )

PARAMS: Array
(
    [:adms_user_id] => 7
    [:adms_training_id] => 12
    [:data_realizacao] => 2025-07-21
    [:data_avaliacao] => 2025-07-21
    [:data_agendada] => 
    [:instrutor_nome] => 
    [:instrutor_email] => aline.veiga@tiaraju.com.br
    [:instructor_user_id] => 6
    [:real_instructor_nome] => Aline Veiga
    [:real_instructor_email] => aline.veiga@tiaraju.com.br
    [:aplicado_por] => 7
    [:nota] => 5
    [:observacoes] => 
    [:status] => concluido
    [:created_at] => 2025-07-21 13:20:25
)

Novo ID: 4

==== NOVO INSERT ====
2025-07-21 13:31:15
Array
(
    [adms_user_id] => 12
    [adms_training_id] => 14
    [data_realizacao] => 2025-07-21
    [data_avaliacao] => 
    [data_agendada] => 
    [nota] => 5
    [observacoes] => 
    [instrutor_nome] => 
    [instrutor_email] => aline.veiga@tiaraju.com.br
    [instructor_user_id] => 6
    [real_instructor_nome] => Aline Veiga
    [real_instructor_email] => aline.veiga@tiaraju.com.br
    [aplicado_por] => 7
    [status] => concluido
)

SQL: INSERT INTO adms_training_applications (
                        adms_user_id, adms_training_id, data_realizacao, data_avaliacao, data_agendada, instrutor_nome, instrutor_email, instructor_user_id, real_instructor_nome, real_instructor_email, aplicado_por, nota, observacoes, status, created_at, updated_at
                    ) VALUES (
                        :adms_user_id, :adms_training_id, :data_realizacao, :data_avaliacao, :data_agendada, :instrutor_nome, :instrutor_email, :instructor_user_id, :real_instructor_nome, :real_instructor_email, :aplicado_por, :nota, :observacoes, :status, :created_at, NOW()
                    )

PARAMS: Array
(
    [:adms_user_id] => 12
    [:adms_training_id] => 14
    [:data_realizacao] => 2025-07-21
    [:data_avaliacao] => 
    [:data_agendada] => 
    [:instrutor_nome] => 
    [:instrutor_email] => aline.veiga@tiaraju.com.br
    [:instructor_user_id] => 6
    [:real_instructor_nome] => Aline Veiga
    [:real_instructor_email] => aline.veiga@tiaraju.com.br
    [:aplicado_por] => 7
    [:nota] => 5
    [:observacoes] => 
    [:status] => concluido
    [:created_at] => 2025-07-21 13:31:15
)

Novo ID: 5

==== NOVO INSERT ====
2025-07-21 13:32:00
Array
(
    [adms_user_id] => 10
    [adms_training_id] => 14
    [data_realizacao] => 2025-07-21
    [data_avaliacao] => 
    [data_agendada] => 
    [nota] => 8
    [observacoes] => 
    [instrutor_nome] => 
    [instrutor_email] => aline.veiga@tiaraju.com.br
    [instructor_user_id] => 6
    [real_instructor_nome] => Aline Veiga
    [real_instructor_email] => aline.veiga@tiaraju.com.br
    [aplicado_por] => 7
    [status] => concluido
)

SQL: INSERT INTO adms_training_applications (
                        adms_user_id, adms_training_id, data_realizacao, data_avaliacao, data_agendada, instrutor_nome, instrutor_email, instructor_user_id, real_instructor_nome, real_instructor_email, aplicado_por, nota, observacoes, status, created_at, updated_at
                    ) VALUES (
                        :adms_user_id, :adms_training_id, :data_realizacao, :data_avaliacao, :data_agendada, :instrutor_nome, :instrutor_email, :instructor_user_id, :real_instructor_nome, :real_instructor_email, :aplicado_por, :nota, :observacoes, :status, :created_at, NOW()
                    )

PARAMS: Array
(
    [:adms_user_id] => 10
    [:adms_training_id] => 14
    [:data_realizacao] => 2025-07-21
    [:data_avaliacao] => 
    [:data_agendada] => 
    [:instrutor_nome] => 
    [:instrutor_email] => aline.veiga@tiaraju.com.br
    [:instructor_user_id] => 6
    [:real_instructor_nome] => Aline Veiga
    [:real_instructor_email] => aline.veiga@tiaraju.com.br
    [:aplicado_por] => 7
    [:nota] => 8
    [:observacoes] => 
    [:status] => concluido
    [:created_at] => 2025-07-21 13:32:00
)

Novo ID: 6

==== NOVO INSERT ====
2025-07-21 13:57:19
Array
(
    [adms_user_id] => 1
    [adms_training_id] => 14
    [data_realizacao] => 2025-07-09
    [data_avaliacao] => 
    [data_agendada] => 
    [nota] => 4
    [observacoes] => 
    [instrutor_nome] => 
    [instrutor_email] => camila.lago@tiaraju.com.br
    [instructor_user_id] => 7
    [real_instructor_nome] => Camila Carvalho Lago
    [real_instructor_email] => camila.lago@tiaraju.com.br
    [aplicado_por] => 7
    [status] => concluido
)

SQL: INSERT INTO adms_training_applications (
                        adms_user_id, adms_training_id, data_realizacao, data_avaliacao, data_agendada, instrutor_nome, instrutor_email, instructor_user_id, real_instructor_nome, real_instructor_email, aplicado_por, nota, observacoes, status, created_at, updated_at
                    ) VALUES (
                        :adms_user_id, :adms_training_id, :data_realizacao, :data_avaliacao, :data_agendada, :instrutor_nome, :instrutor_email, :instructor_user_id, :real_instructor_nome, :real_instructor_email, :aplicado_por, :nota, :observacoes, :status, :created_at, NOW()
                    )

PARAMS: Array
(
    [:adms_user_id] => 1
    [:adms_training_id] => 14
    [:data_realizacao] => 2025-07-09
    [:data_avaliacao] => 
    [:data_agendada] => 
    [:instrutor_nome] => 
    [:instrutor_email] => camila.lago@tiaraju.com.br
    [:instructor_user_id] => 7
    [:real_instructor_nome] => Camila Carvalho Lago
    [:real_instructor_email] => camila.lago@tiaraju.com.br
    [:aplicado_por] => 7
    [:nota] => 4
    [:observacoes] => 
    [:status] => concluido
    [:created_at] => 2025-07-21 13:57:19
)

Novo ID: 7

==== NOVO INSERT ====
2025-07-21 14:19:07
Array
(
    [adms_user_id] => 7
    [adms_training_id] => 1
    [data_realizacao] => 2025-07-08
    [data_avaliacao] => 2025-07-10
    [data_agendada] => 
    [nota] => 5
    [observacoes] => 
    [instrutor_nome] => 
    [instrutor_email] => marciane.meotti1@tiaraju.com.br
    [instructor_user_id] => 4
    [real_instructor_nome] => Marciane Meotti
    [real_instructor_email] => marciane.meotti1@tiaraju.com.br
    [aplicado_por] => 7
    [status] => concluido
)

SQL: INSERT INTO adms_training_applications (
                        adms_user_id, adms_training_id, data_realizacao, data_avaliacao, data_agendada, instrutor_nome, instrutor_email, instructor_user_id, real_instructor_nome, real_instructor_email, aplicado_por, nota, observacoes, status, created_at, updated_at
                    ) VALUES (
                        :adms_user_id, :adms_training_id, :data_realizacao, :data_avaliacao, :data_agendada, :instrutor_nome, :instrutor_email, :instructor_user_id, :real_instructor_nome, :real_instructor_email, :aplicado_por, :nota, :observacoes, :status, :created_at, NOW()
                    )

PARAMS: Array
(
    [:adms_user_id] => 7
    [:adms_training_id] => 1
    [:data_realizacao] => 2025-07-08
    [:data_avaliacao] => 2025-07-10
    [:data_agendada] => 
    [:instrutor_nome] => 
    [:instrutor_email] => marciane.meotti1@tiaraju.com.br
    [:instructor_user_id] => 4
    [:real_instructor_nome] => Marciane Meotti
    [:real_instructor_email] => marciane.meotti1@tiaraju.com.br
    [:aplicado_por] => 7
    [:nota] => 5
    [:observacoes] => 
    [:status] => concluido
    [:created_at] => 2025-07-21 14:19:07
)

Novo ID: 1

==== NOVO INSERT ====
2025-07-21 14:20:50
Array
(
    [adms_user_id] => 12
    [adms_training_id] => 1
    [data_realizacao] => 2025-07-15
    [data_avaliacao] => 2025-07-15
    [data_agendada] => 
    [nota] => 7
    [observacoes] => 
    [instrutor_nome] => 
    [instrutor_email] => rafael.oliveira@tiaraju.com.br
    [instructor_user_id] => 2
    [real_instructor_nome] => Rafael Mendes de Oliveira
    [real_instructor_email] => rafael.oliveira@tiaraju.com.br
    [aplicado_por] => 7
    [status] => concluido
)

SQL: INSERT INTO adms_training_applications (
                        adms_user_id, adms_training_id, data_realizacao, data_avaliacao, data_agendada, instrutor_nome, instrutor_email, instructor_user_id, real_instructor_nome, real_instructor_email, aplicado_por, nota, observacoes, status, created_at, updated_at
                    ) VALUES (
                        :adms_user_id, :adms_training_id, :data_realizacao, :data_avaliacao, :data_agendada, :instrutor_nome, :instrutor_email, :instructor_user_id, :real_instructor_nome, :real_instructor_email, :aplicado_por, :nota, :observacoes, :status, :created_at, NOW()
                    )

PARAMS: Array
(
    [:adms_user_id] => 12
    [:adms_training_id] => 1
    [:data_realizacao] => 2025-07-15
    [:data_avaliacao] => 2025-07-15
    [:data_agendada] => 
    [:instrutor_nome] => 
    [:instrutor_email] => rafael.oliveira@tiaraju.com.br
    [:instructor_user_id] => 2
    [:real_instructor_nome] => Rafael Mendes de Oliveira
    [:real_instructor_email] => rafael.oliveira@tiaraju.com.br
    [:aplicado_por] => 7
    [:nota] => 7
    [:observacoes] => 
    [:status] => concluido
    [:created_at] => 2025-07-21 14:20:50
)

Novo ID: 2

==== NOVO INSERT ====
2025-07-23 11:21:33
Array
(
    [adms_user_id] => 10
    [adms_training_id] => 1
    [data_realizacao] => 2025-07-23
    [data_avaliacao] => 2025-07-23
    [data_agendada] => 
    [nota] => 6
    [observacoes] => Teste
    [instrutor_nome] => 
    [instrutor_email] => camila.lago@tiaraju.com.br
    [instructor_user_id] => 7
    [real_instructor_nome] => Camila Carvalho Lago
    [real_instructor_email] => camila.lago@tiaraju.com.br
    [aplicado_por] => 1
    [status] => concluido
)

SQL: INSERT INTO adms_training_applications (
                        adms_user_id, adms_training_id, data_realizacao, data_avaliacao, data_agendada, instrutor_nome, instrutor_email, instructor_user_id, real_instructor_nome, real_instructor_email, aplicado_por, nota, observacoes, status, created_at, updated_at
                    ) VALUES (
                        :adms_user_id, :adms_training_id, :data_realizacao, :data_avaliacao, :data_agendada, :instrutor_nome, :instrutor_email, :instructor_user_id, :real_instructor_nome, :real_instructor_email, :aplicado_por, :nota, :observacoes, :status, :created_at, NOW()
                    )

PARAMS: Array
(
    [:adms_user_id] => 10
    [:adms_training_id] => 1
    [:data_realizacao] => 2025-07-23
    [:data_avaliacao] => 2025-07-23
    [:data_agendada] => 
    [:instrutor_nome] => 
    [:instrutor_email] => camila.lago@tiaraju.com.br
    [:instructor_user_id] => 7
    [:real_instructor_nome] => Camila Carvalho Lago
    [:real_instructor_email] => camila.lago@tiaraju.com.br
    [:aplicado_por] => 1
    [:nota] => 6
    [:observacoes] => Teste
    [:status] => concluido
    [:created_at] => 2025-07-23 11:21:33
)

Novo ID: 3

==== NOVO INSERT ====
2025-07-23 11:25:30
Array
(
    [adms_user_id] => 1
    [adms_training_id] => 1
    [data_realizacao] => 2025-07-23
    [data_avaliacao] => 2025-07-23
    [data_agendada] => 
    [nota] => 6.5
    [observacoes] => 
    [instrutor_nome] => 
    [instrutor_email] => camila.lago@tiaraju.com.br
    [instructor_user_id] => 7
    [real_instructor_nome] => Camila Carvalho Lago
    [real_instructor_email] => camila.lago@tiaraju.com.br
    [aplicado_por] => 1
    [status] => concluido
)

SQL: INSERT INTO adms_training_applications (
                        adms_user_id, adms_training_id, data_realizacao, data_avaliacao, data_agendada, instrutor_nome, instrutor_email, instructor_user_id, real_instructor_nome, real_instructor_email, aplicado_por, nota, observacoes, status, created_at, updated_at
                    ) VALUES (
                        :adms_user_id, :adms_training_id, :data_realizacao, :data_avaliacao, :data_agendada, :instrutor_nome, :instrutor_email, :instructor_user_id, :real_instructor_nome, :real_instructor_email, :aplicado_por, :nota, :observacoes, :status, :created_at, NOW()
                    )

PARAMS: Array
(
    [:adms_user_id] => 1
    [:adms_training_id] => 1
    [:data_realizacao] => 2025-07-23
    [:data_avaliacao] => 2025-07-23
    [:data_agendada] => 
    [:instrutor_nome] => 
    [:instrutor_email] => camila.lago@tiaraju.com.br
    [:instructor_user_id] => 7
    [:real_instructor_nome] => Camila Carvalho Lago
    [:real_instructor_email] => camila.lago@tiaraju.com.br
    [:aplicado_por] => 1
    [:nota] => 6.5
    [:observacoes] => 
    [:status] => concluido
    [:created_at] => 2025-07-23 11:25:30
)

Novo ID: 4

==== NOVO INSERT ====
2025-07-23 11:29:37
Array
(
    [adms_user_id] => 7
    [adms_training_id] => 2
    [data_realizacao] => 2025-07-23
    [data_avaliacao] => 2025-07-23
    [data_agendada] => 
    [nota] => 8
    [observacoes] => 
    [instrutor_nome] => 
    [instrutor_email] => camila.lago@tiaraju.com.br
    [instructor_user_id] => 7
    [real_instructor_nome] => Camila Carvalho Lago
    [real_instructor_email] => camila.lago@tiaraju.com.br
    [aplicado_por] => 1
    [status] => concluido
)

SQL: INSERT INTO adms_training_applications (
                        adms_user_id, adms_training_id, data_realizacao, data_avaliacao, data_agendada, instrutor_nome, instrutor_email, instructor_user_id, real_instructor_nome, real_instructor_email, aplicado_por, nota, observacoes, status, created_at, updated_at
                    ) VALUES (
                        :adms_user_id, :adms_training_id, :data_realizacao, :data_avaliacao, :data_agendada, :instrutor_nome, :instrutor_email, :instructor_user_id, :real_instructor_nome, :real_instructor_email, :aplicado_por, :nota, :observacoes, :status, :created_at, NOW()
                    )

PARAMS: Array
(
    [:adms_user_id] => 7
    [:adms_training_id] => 2
    [:data_realizacao] => 2025-07-23
    [:data_avaliacao] => 2025-07-23
    [:data_agendada] => 
    [:instrutor_nome] => 
    [:instrutor_email] => camila.lago@tiaraju.com.br
    [:instructor_user_id] => 7
    [:real_instructor_nome] => Camila Carvalho Lago
    [:real_instructor_email] => camila.lago@tiaraju.com.br
    [:aplicado_por] => 1
    [:nota] => 8
    [:observacoes] => 
    [:status] => concluido
    [:created_at] => 2025-07-23 11:29:37
)

Novo ID: 5

==== NOVO INSERT ====
2025-07-23 11:49:25
Array
(
    [adms_user_id] => 12
    [adms_training_id] => 2
    [data_realizacao] => 2025-07-23
    [data_avaliacao] => 2025-07-23
    [data_agendada] => 
    [nota] => 6
    [observacoes] => 
    [instrutor_nome] => 
    [instrutor_email] => camila.lago@tiaraju.com.br
    [instructor_user_id] => 7
    [real_instructor_nome] => Camila Carvalho Lago
    [real_instructor_email] => camila.lago@tiaraju.com.br
    [aplicado_por] => 1
    [status] => concluido
)

SQL: INSERT INTO adms_training_applications (
                        adms_user_id, adms_training_id, data_realizacao, data_avaliacao, data_agendada, instrutor_nome, instrutor_email, instructor_user_id, real_instructor_nome, real_instructor_email, aplicado_por, nota, observacoes, status, created_at, updated_at
                    ) VALUES (
                        :adms_user_id, :adms_training_id, :data_realizacao, :data_avaliacao, :data_agendada, :instrutor_nome, :instrutor_email, :instructor_user_id, :real_instructor_nome, :real_instructor_email, :aplicado_por, :nota, :observacoes, :status, :created_at, NOW()
                    )

PARAMS: Array
(
    [:adms_user_id] => 12
    [:adms_training_id] => 2
    [:data_realizacao] => 2025-07-23
    [:data_avaliacao] => 2025-07-23
    [:data_agendada] => 
    [:instrutor_nome] => 
    [:instrutor_email] => camila.lago@tiaraju.com.br
    [:instructor_user_id] => 7
    [:real_instructor_nome] => Camila Carvalho Lago
    [:real_instructor_email] => camila.lago@tiaraju.com.br
    [:aplicado_por] => 1
    [:nota] => 6
    [:observacoes] => 
    [:status] => concluido
    [:created_at] => 2025-07-23 11:49:25
)

Novo ID: 6

==== NOVO INSERT ====
2025-07-23 11:56:17
Array
(
    [adms_user_id] => 10
    [adms_training_id] => 2
    [data_realizacao] => 2025-07-23
    [data_avaliacao] => 2025-07-23
    [data_agendada] => 
    [nota] => 5.8
    [observacoes] => 
    [instrutor_nome] => 
    [instrutor_email] => camila.lago@tiaraju.com.br
    [instructor_user_id] => 7
    [real_instructor_nome] => Camila Carvalho Lago
    [real_instructor_email] => camila.lago@tiaraju.com.br
    [aplicado_por] => 1
    [status] => concluido
)

SQL: INSERT INTO adms_training_applications (
                        adms_user_id, adms_training_id, data_realizacao, data_avaliacao, data_agendada, instrutor_nome, instrutor_email, instructor_user_id, real_instructor_nome, real_instructor_email, aplicado_por, nota, observacoes, status, created_at, updated_at
                    ) VALUES (
                        :adms_user_id, :adms_training_id, :data_realizacao, :data_avaliacao, :data_agendada, :instrutor_nome, :instrutor_email, :instructor_user_id, :real_instructor_nome, :real_instructor_email, :aplicado_por, :nota, :observacoes, :status, :created_at, NOW()
                    )

PARAMS: Array
(
    [:adms_user_id] => 10
    [:adms_training_id] => 2
    [:data_realizacao] => 2025-07-23
    [:data_avaliacao] => 2025-07-23
    [:data_agendada] => 
    [:instrutor_nome] => 
    [:instrutor_email] => camila.lago@tiaraju.com.br
    [:instructor_user_id] => 7
    [:real_instructor_nome] => Camila Carvalho Lago
    [:real_instructor_email] => camila.lago@tiaraju.com.br
    [:aplicado_por] => 1
    [:nota] => 5.8
    [:observacoes] => 
    [:status] => concluido
    [:created_at] => 2025-07-23 11:56:17
)

Novo ID: 7

==== NOVO INSERT ====
2025-07-23 13:34:34
Array
(
    [adms_user_id] => 5
    [adms_training_id] => 2
    [data_realizacao] => 2025-07-23
    [data_avaliacao] => 2025-07-23
    [data_agendada] => 
    [nota] => 5.2
    [observacoes] => 
    [instrutor_nome] => 
    [instrutor_email] => camila.lago@tiaraju.com.br
    [instructor_user_id] => 7
    [real_instructor_nome] => Camila Carvalho Lago
    [real_instructor_email] => camila.lago@tiaraju.com.br
    [aplicado_por] => 1
    [status] => concluido
)

SQL: INSERT INTO adms_training_applications (
                        adms_user_id, adms_training_id, data_realizacao, data_avaliacao, data_agendada, instrutor_nome, instrutor_email, instructor_user_id, real_instructor_nome, real_instructor_email, aplicado_por, nota, observacoes, status, created_at, updated_at
                    ) VALUES (
                        :adms_user_id, :adms_training_id, :data_realizacao, :data_avaliacao, :data_agendada, :instrutor_nome, :instrutor_email, :instructor_user_id, :real_instructor_nome, :real_instructor_email, :aplicado_por, :nota, :observacoes, :status, :created_at, NOW()
                    )

PARAMS: Array
(
    [:adms_user_id] => 5
    [:adms_training_id] => 2
    [:data_realizacao] => 2025-07-23
    [:data_avaliacao] => 2025-07-23
    [:data_agendada] => 
    [:instrutor_nome] => 
    [:instrutor_email] => camila.lago@tiaraju.com.br
    [:instructor_user_id] => 7
    [:real_instructor_nome] => Camila Carvalho Lago
    [:real_instructor_email] => camila.lago@tiaraju.com.br
    [:aplicado_por] => 1
    [:nota] => 5.2
    [:observacoes] => 
    [:status] => concluido
    [:created_at] => 2025-07-23 13:34:34
)

Novo ID: 8

==== NOVO INSERT ====
2025-07-23 13:37:17
Array
(
    [adms_user_id] => 5
    [adms_training_id] => 2
    [data_realizacao] => 2025-07-23
    [data_avaliacao] => 2025-07-23
    [data_agendada] => 
    [nota] => 9
    [observacoes] => 
    [instrutor_nome] => 
    [instrutor_email] => camila.lago@tiaraju.com.br
    [instructor_user_id] => 7
    [real_instructor_nome] => Camila Carvalho Lago
    [real_instructor_email] => camila.lago@tiaraju.com.br
    [aplicado_por] => 1
    [status] => concluido
)

SQL: INSERT INTO adms_training_applications (
                        adms_user_id, adms_training_id, data_realizacao, data_avaliacao, data_agendada, instrutor_nome, instrutor_email, instructor_user_id, real_instructor_nome, real_instructor_email, aplicado_por, nota, observacoes, status, created_at, updated_at
                    ) VALUES (
                        :adms_user_id, :adms_training_id, :data_realizacao, :data_avaliacao, :data_agendada, :instrutor_nome, :instrutor_email, :instructor_user_id, :real_instructor_nome, :real_instructor_email, :aplicado_por, :nota, :observacoes, :status, :created_at, NOW()
                    )

PARAMS: Array
(
    [:adms_user_id] => 5
    [:adms_training_id] => 2
    [:data_realizacao] => 2025-07-23
    [:data_avaliacao] => 2025-07-23
    [:data_agendada] => 
    [:instrutor_nome] => 
    [:instrutor_email] => camila.lago@tiaraju.com.br
    [:instructor_user_id] => 7
    [:real_instructor_nome] => Camila Carvalho Lago
    [:real_instructor_email] => camila.lago@tiaraju.com.br
    [:aplicado_por] => 1
    [:nota] => 9
    [:observacoes] => 
    [:status] => concluido
    [:created_at] => 2025-07-23 13:37:17
)

Novo ID: 9

==== NOVO INSERT ====
2025-07-23 16:04:48
Array
(
    [adms_user_id] => 7
    [adms_training_id] => 1
    [data_realizacao] => 2025-07-23
    [data_avaliacao] => 2025-07-23
    [data_agendada] => 
    [nota] => 6
    [observacoes] => 
    [instrutor_nome] => 
    [instrutor_email] => camila.lago@tiaraju.com.br
    [instructor_user_id] => 7
    [real_instructor_nome] => Camila Carvalho Lago
    [real_instructor_email] => camila.lago@tiaraju.com.br
    [aplicado_por] => 1
    [status] => concluido
)

SQL: INSERT INTO adms_training_applications (
                        adms_user_id, adms_training_id, data_realizacao, data_avaliacao, data_agendada, instrutor_nome, instrutor_email, instructor_user_id, real_instructor_nome, real_instructor_email, aplicado_por, nota, observacoes, status, created_at, updated_at
                    ) VALUES (
                        :adms_user_id, :adms_training_id, :data_realizacao, :data_avaliacao, :data_agendada, :instrutor_nome, :instrutor_email, :instructor_user_id, :real_instructor_nome, :real_instructor_email, :aplicado_por, :nota, :observacoes, :status, :created_at, NOW()
                    )

PARAMS: Array
(
    [:adms_user_id] => 7
    [:adms_training_id] => 1
    [:data_realizacao] => 2025-07-23
    [:data_avaliacao] => 2025-07-23
    [:data_agendada] => 
    [:instrutor_nome] => 
    [:instrutor_email] => camila.lago@tiaraju.com.br
    [:instructor_user_id] => 7
    [:real_instructor_nome] => Camila Carvalho Lago
    [:real_instructor_email] => camila.lago@tiaraju.com.br
    [:aplicado_por] => 1
    [:nota] => 6
    [:observacoes] => 
    [:status] => concluido
    [:created_at] => 2025-07-23 16:04:48
)

Novo ID: 1

==== NOVO INSERT ====
2025-07-23 16:19:35
Array
(
    [adms_user_id] => 12
    [adms_training_id] => 1
    [data_realizacao] => 2025-07-23
    [data_avaliacao] => 2025-07-23
    [data_agendada] => 
    [nota] => 6
    [observacoes] => 
    [instrutor_nome] => 
    [instrutor_email] => camila.lago@tiaraju.com.br
    [instructor_user_id] => 7
    [real_instructor_nome] => Camila Carvalho Lago
    [real_instructor_email] => camila.lago@tiaraju.com.br
    [aplicado_por] => 1
    [status] => concluido
)

SQL: INSERT INTO adms_training_applications (
                        adms_user_id, adms_training_id, data_realizacao, data_avaliacao, data_agendada, instrutor_nome, instrutor_email, instructor_user_id, real_instructor_nome, real_instructor_email, aplicado_por, nota, observacoes, status, created_at, updated_at
                    ) VALUES (
                        :adms_user_id, :adms_training_id, :data_realizacao, :data_avaliacao, :data_agendada, :instrutor_nome, :instrutor_email, :instructor_user_id, :real_instructor_nome, :real_instructor_email, :aplicado_por, :nota, :observacoes, :status, :created_at, NOW()
                    )

PARAMS: Array
(
    [:adms_user_id] => 12
    [:adms_training_id] => 1
    [:data_realizacao] => 2025-07-23
    [:data_avaliacao] => 2025-07-23
    [:data_agendada] => 
    [:instrutor_nome] => 
    [:instrutor_email] => camila.lago@tiaraju.com.br
    [:instructor_user_id] => 7
    [:real_instructor_nome] => Camila Carvalho Lago
    [:real_instructor_email] => camila.lago@tiaraju.com.br
    [:aplicado_por] => 1
    [:nota] => 6
    [:observacoes] => 
    [:status] => concluido
    [:created_at] => 2025-07-23 16:19:35
)

Novo ID: 1

==== NOVO INSERT ====
2025-07-23 16:22:03
Array
(
    [adms_user_id] => 7
    [adms_training_id] => 1
    [data_realizacao] => 2025-07-23
    [data_avaliacao] => 2025-07-23
    [data_agendada] => 
    [nota] => 9
    [observacoes] => 
    [instrutor_nome] => 
    [instrutor_email] => camila.lago@tiaraju.com.br
    [instructor_user_id] => 7
    [real_instructor_nome] => Camila Carvalho Lago
    [real_instructor_email] => camila.lago@tiaraju.com.br
    [aplicado_por] => 1
    [status] => concluido
)

SQL: INSERT INTO adms_training_applications (
                        adms_user_id, adms_training_id, data_realizacao, data_avaliacao, data_agendada, instrutor_nome, instrutor_email, instructor_user_id, real_instructor_nome, real_instructor_email, aplicado_por, nota, observacoes, status, created_at, updated_at
                    ) VALUES (
                        :adms_user_id, :adms_training_id, :data_realizacao, :data_avaliacao, :data_agendada, :instrutor_nome, :instrutor_email, :instructor_user_id, :real_instructor_nome, :real_instructor_email, :aplicado_por, :nota, :observacoes, :status, :created_at, NOW()
                    )

PARAMS: Array
(
    [:adms_user_id] => 7
    [:adms_training_id] => 1
    [:data_realizacao] => 2025-07-23
    [:data_avaliacao] => 2025-07-23
    [:data_agendada] => 
    [:instrutor_nome] => 
    [:instrutor_email] => camila.lago@tiaraju.com.br
    [:instructor_user_id] => 7
    [:real_instructor_nome] => Camila Carvalho Lago
    [:real_instructor_email] => camila.lago@tiaraju.com.br
    [:aplicado_por] => 1
    [:nota] => 9
    [:observacoes] => 
    [:status] => concluido
    [:created_at] => 2025-07-23 16:22:03
)

Novo ID: 2

==== NOVO INSERT ====
2025-07-23 16:30:10
Array
(
    [adms_user_id] => 7
    [adms_training_id] => 1
    [data_realizacao] => 2025-07-23
    [data_avaliacao] => 2025-07-23
    [data_agendada] => 
    [nota] => 6
    [observacoes] => 
    [instrutor_nome] => 
    [instrutor_email] => camila.lago@tiaraju.com.br
    [instructor_user_id] => 7
    [real_instructor_nome] => Camila Carvalho Lago
    [real_instructor_email] => camila.lago@tiaraju.com.br
    [aplicado_por] => 1
    [status] => concluido
)

SQL: INSERT INTO adms_training_applications (
                        adms_user_id, adms_training_id, data_realizacao, data_avaliacao, data_agendada, instrutor_nome, instrutor_email, instructor_user_id, real_instructor_nome, real_instructor_email, aplicado_por, nota, observacoes, status, created_at, updated_at
                    ) VALUES (
                        :adms_user_id, :adms_training_id, :data_realizacao, :data_avaliacao, :data_agendada, :instrutor_nome, :instrutor_email, :instructor_user_id, :real_instructor_nome, :real_instructor_email, :aplicado_por, :nota, :observacoes, :status, :created_at, NOW()
                    )

PARAMS: Array
(
    [:adms_user_id] => 7
    [:adms_training_id] => 1
    [:data_realizacao] => 2025-07-23
    [:data_avaliacao] => 2025-07-23
    [:data_agendada] => 
    [:instrutor_nome] => 
    [:instrutor_email] => camila.lago@tiaraju.com.br
    [:instructor_user_id] => 7
    [:real_instructor_nome] => Camila Carvalho Lago
    [:real_instructor_email] => camila.lago@tiaraju.com.br
    [:aplicado_por] => 1
    [:nota] => 6
    [:observacoes] => 
    [:status] => concluido
    [:created_at] => 2025-07-23 16:30:10
)

Novo ID: 1

==== NOVO INSERT ====
2025-07-24 08:54:46
Array
(
    [adms_user_id] => 6
    [adms_training_id] => 1
    [data_realizacao] => 
    [data_agendada] => 2025-08-08
    [nota] => 
    [observacoes] => 
    [instrutor_nome] => Rafael Mendes
    [instrutor_email] => 
    [aplicado_por] => 1
    [status] => agendado
)

SQL: INSERT INTO adms_training_applications (
                        adms_user_id, adms_training_id, data_realizacao, data_avaliacao, data_agendada, instrutor_nome, instrutor_email, instructor_user_id, real_instructor_nome, real_instructor_email, aplicado_por, nota, observacoes, status, created_at, updated_at
                    ) VALUES (
                        :adms_user_id, :adms_training_id, :data_realizacao, :data_avaliacao, :data_agendada, :instrutor_nome, :instrutor_email, :instructor_user_id, :real_instructor_nome, :real_instructor_email, :aplicado_por, :nota, :observacoes, :status, :created_at, NOW()
                    )

PARAMS: Array
(
    [:adms_user_id] => 6
    [:adms_training_id] => 1
    [:data_realizacao] => 
    [:data_avaliacao] => 
    [:data_agendada] => 2025-08-08
    [:instrutor_nome] => Rafael Mendes
    [:instrutor_email] => 
    [:instructor_user_id] => 
    [:real_instructor_nome] => 
    [:real_instructor_email] => 
    [:aplicado_por] => 1
    [:nota] => 
    [:observacoes] => 
    [:status] => agendado
    [:created_at] => 2025-07-24 08:54:46
)

Novo ID: 1

==== NOVO INSERT ====
2025-07-24 08:55:41
Array
(
    [adms_user_id] => 6
    [adms_training_id] => 1
    [data_realizacao] => 2025-07-24
    [data_avaliacao] => 2025-07-24
    [data_agendada] => 
    [nota] => 6
    [observacoes] => 
    [instrutor_nome] => 
    [instrutor_email] => rafael.oliveira@tiaraju.com.br
    [instructor_user_id] => 2
    [real_instructor_nome] => Rafael Mendes de Oliveira
    [real_instructor_email] => rafael.oliveira@tiaraju.com.br
    [aplicado_por] => 1
    [status] => concluido
)

SQL: INSERT INTO adms_training_applications (
                        adms_user_id, adms_training_id, data_realizacao, data_avaliacao, data_agendada, instrutor_nome, instrutor_email, instructor_user_id, real_instructor_nome, real_instructor_email, aplicado_por, nota, observacoes, status, created_at, updated_at
                    ) VALUES (
                        :adms_user_id, :adms_training_id, :data_realizacao, :data_avaliacao, :data_agendada, :instrutor_nome, :instrutor_email, :instructor_user_id, :real_instructor_nome, :real_instructor_email, :aplicado_por, :nota, :observacoes, :status, :created_at, NOW()
                    )

PARAMS: Array
(
    [:adms_user_id] => 6
    [:adms_training_id] => 1
    [:data_realizacao] => 2025-07-24
    [:data_avaliacao] => 2025-07-24
    [:data_agendada] => 
    [:instrutor_nome] => 
    [:instrutor_email] => rafael.oliveira@tiaraju.com.br
    [:instructor_user_id] => 2
    [:real_instructor_nome] => Rafael Mendes de Oliveira
    [:real_instructor_email] => rafael.oliveira@tiaraju.com.br
    [:aplicado_por] => 1
    [:nota] => 6
    [:observacoes] => 
    [:status] => concluido
    [:created_at] => 2025-07-24 08:55:41
)

Novo ID: 2

==== NOVO INSERT ====
2025-07-24 08:56:27
Array
(
    [adms_user_id] => 11
    [adms_training_id] => 1
    [data_realizacao] => 2025-07-24
    [data_avaliacao] => 2025-07-24
    [data_agendada] => 
    [nota] => 5
    [observacoes] => 
    [instrutor_nome] => 
    [instrutor_email] => rafael.oliveira@tiaraju.com.br
    [instructor_user_id] => 2
    [real_instructor_nome] => Rafael Mendes de Oliveira
    [real_instructor_email] => rafael.oliveira@tiaraju.com.br
    [aplicado_por] => 1
    [status] => concluido
)

SQL: INSERT INTO adms_training_applications (
                        adms_user_id, adms_training_id, data_realizacao, data_avaliacao, data_agendada, instrutor_nome, instrutor_email, instructor_user_id, real_instructor_nome, real_instructor_email, aplicado_por, nota, observacoes, status, created_at, updated_at
                    ) VALUES (
                        :adms_user_id, :adms_training_id, :data_realizacao, :data_avaliacao, :data_agendada, :instrutor_nome, :instrutor_email, :instructor_user_id, :real_instructor_nome, :real_instructor_email, :aplicado_por, :nota, :observacoes, :status, :created_at, NOW()
                    )

PARAMS: Array
(
    [:adms_user_id] => 11
    [:adms_training_id] => 1
    [:data_realizacao] => 2025-07-24
    [:data_avaliacao] => 2025-07-24
    [:data_agendada] => 
    [:instrutor_nome] => 
    [:instrutor_email] => rafael.oliveira@tiaraju.com.br
    [:instructor_user_id] => 2
    [:real_instructor_nome] => Rafael Mendes de Oliveira
    [:real_instructor_email] => rafael.oliveira@tiaraju.com.br
    [:aplicado_por] => 1
    [:nota] => 5
    [:observacoes] => 
    [:status] => concluido
    [:created_at] => 2025-07-24 08:56:27
)

Novo ID: 3

==== NOVO INSERT ====
2025-07-24 11:47:24
Array
(
    [adms_user_id] => 6
    [adms_training_id] => 1
    [data_realizacao] => 2025-07-24
    [data_avaliacao] => 2025-07-24
    [data_agendada] => 
    [nota] => 6
    [observacoes] => 
    [instrutor_nome] => 
    [instrutor_email] => camila.lago@tiaraju.com.br
    [instructor_user_id] => 7
    [real_instructor_nome] => Camila Carvalho Lago
    [real_instructor_email] => camila.lago@tiaraju.com.br
    [aplicado_por] => 1
    [status] => concluido
)

SQL: INSERT INTO adms_training_applications (
                        adms_user_id, adms_training_id, data_realizacao, data_avaliacao, data_agendada, instrutor_nome, instrutor_email, instructor_user_id, real_instructor_nome, real_instructor_email, aplicado_por, nota, observacoes, status, created_at, updated_at
                    ) VALUES (
                        :adms_user_id, :adms_training_id, :data_realizacao, :data_avaliacao, :data_agendada, :instrutor_nome, :instrutor_email, :instructor_user_id, :real_instructor_nome, :real_instructor_email, :aplicado_por, :nota, :observacoes, :status, :created_at, NOW()
                    )

PARAMS: Array
(
    [:adms_user_id] => 6
    [:adms_training_id] => 1
    [:data_realizacao] => 2025-07-24
    [:data_avaliacao] => 2025-07-24
    [:data_agendada] => 
    [:instrutor_nome] => 
    [:instrutor_email] => camila.lago@tiaraju.com.br
    [:instructor_user_id] => 7
    [:real_instructor_nome] => Camila Carvalho Lago
    [:real_instructor_email] => camila.lago@tiaraju.com.br
    [:aplicado_por] => 1
    [:nota] => 6
    [:observacoes] => 
    [:status] => concluido
    [:created_at] => 2025-07-24 11:47:24
)

Novo ID: 1

==== NOVO INSERT ====
2025-07-30 16:34:36
Array
(
    [adms_user_id] => 6
    [adms_training_id] => 1
    [data_realizacao] => 2025-07-23
    [data_avaliacao] => 2025-07-24
    [data_agendada] => 
    [nota] => 6
    [observacoes] => 
    [instrutor_nome] => 
    [instrutor_email] => rafael.oliveira@tiaraju.com.br
    [instructor_user_id] => 2
    [real_instructor_nome] => Rafael Mendes de Oliveira
    [real_instructor_email] => rafael.oliveira@tiaraju.com.br
    [aplicado_por] => 7
    [status] => concluido
)

SQL: INSERT INTO adms_training_applications (
                        adms_user_id, adms_training_id, data_realizacao, data_avaliacao, data_agendada, instrutor_nome, instrutor_email, instructor_user_id, real_instructor_nome, real_instructor_email, aplicado_por, nota, observacoes, status, created_at, updated_at
                    ) VALUES (
                        :adms_user_id, :adms_training_id, :data_realizacao, :data_avaliacao, :data_agendada, :instrutor_nome, :instrutor_email, :instructor_user_id, :real_instructor_nome, :real_instructor_email, :aplicado_por, :nota, :observacoes, :status, :created_at, NOW()
                    )

PARAMS: Array
(
    [:adms_user_id] => 6
    [:adms_training_id] => 1
    [:data_realizacao] => 2025-07-23
    [:data_avaliacao] => 2025-07-24
    [:data_agendada] => 
    [:instrutor_nome] => 
    [:instrutor_email] => rafael.oliveira@tiaraju.com.br
    [:instructor_user_id] => 2
    [:real_instructor_nome] => Rafael Mendes de Oliveira
    [:real_instructor_email] => rafael.oliveira@tiaraju.com.br
    [:aplicado_por] => 7
    [:nota] => 6
    [:observacoes] => 
    [:status] => concluido
    [:created_at] => 2025-07-30 16:34:36
)

Novo ID: 2

==== NOVO INSERT ====
2025-07-30 16:35:08
Array
(
    [adms_user_id] => 7
    [adms_training_id] => 2
    [data_realizacao] => 2025-07-23
    [data_avaliacao] => 2025-07-24
    [data_agendada] => 
    [nota] => 8
    [observacoes] => 
    [instrutor_nome] => 
    [instrutor_email] => diego.seger@tiaraju.com.br
    [instructor_user_id] => 12
    [real_instructor_nome] => Diego Seger
    [real_instructor_email] => diego.seger@tiaraju.com.br
    [aplicado_por] => 7
    [status] => concluido
)

SQL: INSERT INTO adms_training_applications (
                        adms_user_id, adms_training_id, data_realizacao, data_avaliacao, data_agendada, instrutor_nome, instrutor_email, instructor_user_id, real_instructor_nome, real_instructor_email, aplicado_por, nota, observacoes, status, created_at, updated_at
                    ) VALUES (
                        :adms_user_id, :adms_training_id, :data_realizacao, :data_avaliacao, :data_agendada, :instrutor_nome, :instrutor_email, :instructor_user_id, :real_instructor_nome, :real_instructor_email, :aplicado_por, :nota, :observacoes, :status, :created_at, NOW()
                    )

PARAMS: Array
(
    [:adms_user_id] => 7
    [:adms_training_id] => 2
    [:data_realizacao] => 2025-07-23
    [:data_avaliacao] => 2025-07-24
    [:data_agendada] => 
    [:instrutor_nome] => 
    [:instrutor_email] => diego.seger@tiaraju.com.br
    [:instructor_user_id] => 12
    [:real_instructor_nome] => Diego Seger
    [:real_instructor_email] => diego.seger@tiaraju.com.br
    [:aplicado_por] => 7
    [:nota] => 8
    [:observacoes] => 
    [:status] => concluido
    [:created_at] => 2025-07-30 16:35:08
)

Novo ID: 3

==== NOVO INSERT ====
2025-07-30 16:43:58
Array
(
    [adms_user_id] => 11
    [adms_training_id] => 1
    [data_realizacao] => 2025-07-23
    [data_avaliacao] => 2025-07-23
    [data_agendada] => 
    [nota] => 8
    [observacoes] => 
    [instrutor_nome] => 
    [instrutor_email] => aline.veiga@tiaraju.com.br
    [instructor_user_id] => 6
    [real_instructor_nome] => Aline Veiga
    [real_instructor_email] => aline.veiga@tiaraju.com.br
    [aplicado_por] => 7
    [status] => concluido
)

SQL: INSERT INTO adms_training_applications (
                        adms_user_id, adms_training_id, data_realizacao, data_avaliacao, data_agendada, instrutor_nome, instrutor_email, instructor_user_id, real_instructor_nome, real_instructor_email, aplicado_por, nota, observacoes, status, created_at, updated_at
                    ) VALUES (
                        :adms_user_id, :adms_training_id, :data_realizacao, :data_avaliacao, :data_agendada, :instrutor_nome, :instrutor_email, :instructor_user_id, :real_instructor_nome, :real_instructor_email, :aplicado_por, :nota, :observacoes, :status, :created_at, NOW()
                    )

PARAMS: Array
(
    [:adms_user_id] => 11
    [:adms_training_id] => 1
    [:data_realizacao] => 2025-07-23
    [:data_avaliacao] => 2025-07-23
    [:data_agendada] => 
    [:instrutor_nome] => 
    [:instrutor_email] => aline.veiga@tiaraju.com.br
    [:instructor_user_id] => 6
    [:real_instructor_nome] => Aline Veiga
    [:real_instructor_email] => aline.veiga@tiaraju.com.br
    [:aplicado_por] => 7
    [:nota] => 8
    [:observacoes] => 
    [:status] => concluido
    [:created_at] => 2025-07-30 16:43:58
)

Novo ID: 4

==== NOVO INSERT ====
2025-08-04 09:10:47
Array
(
    [adms_user_id] => 6
    [adms_training_id] => 1
    [data_realizacao] => 2025-08-04
    [data_avaliacao] => 
    [data_agendada] => 
    [nota] => 6.2
    [observacoes] => 
    [instrutor_nome] => 
    [instrutor_email] => camila.lago@tiaraju.com.br
    [instructor_user_id] => 7
    [real_instructor_nome] => Camila Carvalho Lago
    [real_instructor_email] => camila.lago@tiaraju.com.br
    [aplicado_por] => 7
    [status] => concluido
)

SQL: INSERT INTO adms_training_applications (
                        adms_user_id, adms_training_id, data_realizacao, data_avaliacao, data_agendada, instrutor_nome, instrutor_email, instructor_user_id, real_instructor_nome, real_instructor_email, aplicado_por, nota, observacoes, status, created_at, updated_at
                    ) VALUES (
                        :adms_user_id, :adms_training_id, :data_realizacao, :data_avaliacao, :data_agendada, :instrutor_nome, :instrutor_email, :instructor_user_id, :real_instructor_nome, :real_instructor_email, :aplicado_por, :nota, :observacoes, :status, :created_at, NOW()
                    )

PARAMS: Array
(
    [:adms_user_id] => 6
    [:adms_training_id] => 1
    [:data_realizacao] => 2025-08-04
    [:data_avaliacao] => 
    [:data_agendada] => 
    [:instrutor_nome] => 
    [:instrutor_email] => camila.lago@tiaraju.com.br
    [:instructor_user_id] => 7
    [:real_instructor_nome] => Camila Carvalho Lago
    [:real_instructor_email] => camila.lago@tiaraju.com.br
    [:aplicado_por] => 7
    [:nota] => 6.2
    [:observacoes] => 
    [:status] => concluido
    [:created_at] => 2025-08-04 09:10:47
)

Novo ID: 5

==== NOVO INSERT ====
2025-08-05 13:53:41
Array
(
    [adms_user_id] => 10
    [adms_training_id] => 1
    [data_realizacao] => 2025-08-03
    [data_avaliacao] => 2025-08-04
    [data_agendada] => 
    [nota] => 8
    [observacoes] => Teste
    [instrutor_nome] => 
    [instrutor_email] => wladimir.souza@tiaraju.com.br
    [instructor_user_id] => 3
    [real_instructor_nome] => Wladimir Ribeiro de Souza
    [real_instructor_email] => wladimir.souza@tiaraju.com.br
    [aplicado_por] => 1
    [status] => concluido
)

SQL: INSERT INTO adms_training_applications (
                        adms_user_id, adms_training_id, data_realizacao, data_avaliacao, data_agendada, instrutor_nome, instrutor_email, instructor_user_id, real_instructor_nome, real_instructor_email, aplicado_por, nota, observacoes, status, created_at, updated_at
                    ) VALUES (
                        :adms_user_id, :adms_training_id, :data_realizacao, :data_avaliacao, :data_agendada, :instrutor_nome, :instrutor_email, :instructor_user_id, :real_instructor_nome, :real_instructor_email, :aplicado_por, :nota, :observacoes, :status, :created_at, NOW()
                    )

PARAMS: Array
(
    [:adms_user_id] => 10
    [:adms_training_id] => 1
    [:data_realizacao] => 2025-08-03
    [:data_avaliacao] => 2025-08-04
    [:data_agendada] => 
    [:instrutor_nome] => 
    [:instrutor_email] => wladimir.souza@tiaraju.com.br
    [:instructor_user_id] => 3
    [:real_instructor_nome] => Wladimir Ribeiro de Souza
    [:real_instructor_email] => wladimir.souza@tiaraju.com.br
    [:aplicado_por] => 1
    [:nota] => 8
    [:observacoes] => Teste
    [:status] => concluido
    [:created_at] => 2025-08-05 13:53:42
)

Novo ID: 1

==== NOVO INSERT ====
2025-09-05 15:31:56
Array
(
    [adms_user_id] => 19
    [adms_training_id] => 2
    [data_realizacao] => 2025-09-05
    [data_avaliacao] => 2025-09-05
    [data_agendada] => 
    [nota] => 10
    [observacoes] => 
    [instrutor_nome] => 
    [instrutor_email] => camila.lago@tiaraju.com.br
    [instructor_user_id] => 15
    [real_instructor_nome] => Camila Carvalho Lago
    [real_instructor_email] => camila.lago@tiaraju.com.br
    [aplicado_por] => 15
    [status] => concluido
)

SQL: INSERT INTO adms_training_applications (
                        adms_user_id, adms_training_id, data_realizacao, data_avaliacao, data_agendada, instrutor_nome, instrutor_email, instructor_user_id, real_instructor_nome, real_instructor_email, aplicado_por, nota, observacoes, status, created_at, updated_at
                    ) VALUES (
                        :adms_user_id, :adms_training_id, :data_realizacao, :data_avaliacao, :data_agendada, :instrutor_nome, :instrutor_email, :instructor_user_id, :real_instructor_nome, :real_instructor_email, :aplicado_por, :nota, :observacoes, :status, :created_at, NOW()
                    )

PARAMS: Array
(
    [:adms_user_id] => 19
    [:adms_training_id] => 2
    [:data_realizacao] => 2025-09-05
    [:data_avaliacao] => 2025-09-05
    [:data_agendada] => 
    [:instrutor_nome] => 
    [:instrutor_email] => camila.lago@tiaraju.com.br
    [:instructor_user_id] => 15
    [:real_instructor_nome] => Camila Carvalho Lago
    [:real_instructor_email] => camila.lago@tiaraju.com.br
    [:aplicado_por] => 15
    [:nota] => 10
    [:observacoes] => 
    [:status] => concluido
    [:created_at] => 2025-09-05 15:31:57
)

Novo ID: 1

==== NOVO INSERT ====
2025-09-05 15:34:51
Array
(
    [adms_user_id] => 20
    [adms_training_id] => 2
    [data_realizacao] => 2025-09-05
    [data_avaliacao] => 
    [data_agendada] => 
    [nota] => 6
    [observacoes] => 
    [instrutor_nome] => 
    [instrutor_email] => camila.lago@tiaraju.com.br
    [instructor_user_id] => 15
    [real_instructor_nome] => Camila Carvalho Lago
    [real_instructor_email] => camila.lago@tiaraju.com.br
    [aplicado_por] => 15
    [status] => concluido
)

SQL: INSERT INTO adms_training_applications (
                        adms_user_id, adms_training_id, data_realizacao, data_avaliacao, data_agendada, instrutor_nome, instrutor_email, instructor_user_id, real_instructor_nome, real_instructor_email, aplicado_por, nota, observacoes, status, created_at, updated_at
                    ) VALUES (
                        :adms_user_id, :adms_training_id, :data_realizacao, :data_avaliacao, :data_agendada, :instrutor_nome, :instrutor_email, :instructor_user_id, :real_instructor_nome, :real_instructor_email, :aplicado_por, :nota, :observacoes, :status, :created_at, NOW()
                    )

PARAMS: Array
(
    [:adms_user_id] => 20
    [:adms_training_id] => 2
    [:data_realizacao] => 2025-09-05
    [:data_avaliacao] => 
    [:data_agendada] => 
    [:instrutor_nome] => 
    [:instrutor_email] => camila.lago@tiaraju.com.br
    [:instructor_user_id] => 15
    [:real_instructor_nome] => Camila Carvalho Lago
    [:real_instructor_email] => camila.lago@tiaraju.com.br
    [:aplicado_por] => 15
    [:nota] => 6
    [:observacoes] => 
    [:status] => concluido
    [:created_at] => 2025-09-05 15:34:51
)

Novo ID: 2

==== NOVO INSERT ====
2025-09-08 16:40:32
Array
(
    [adms_user_id] => 34
    [adms_training_id] => 2
    [data_realizacao] => 2025-09-08
    [data_avaliacao] => 2025-09-08
    [data_agendada] => 
    [nota] => 5
    [observacoes] => 
    [instrutor_nome] => 
    [instrutor_email] => camila.lago@tiaraju.com.br
    [instructor_user_id] => 15
    [real_instructor_nome] => Camila Carvalho Lago
    [real_instructor_email] => camila.lago@tiaraju.com.br
    [aplicado_por] => 15
    [status] => concluido
)

SQL: INSERT INTO adms_training_applications (
                        adms_user_id, adms_training_id, data_realizacao, data_avaliacao, data_agendada, instrutor_nome, instrutor_email, instructor_user_id, real_instructor_nome, real_instructor_email, aplicado_por, nota, observacoes, status, created_at, updated_at
                    ) VALUES (
                        :adms_user_id, :adms_training_id, :data_realizacao, :data_avaliacao, :data_agendada, :instrutor_nome, :instrutor_email, :instructor_user_id, :real_instructor_nome, :real_instructor_email, :aplicado_por, :nota, :observacoes, :status, :created_at, NOW()
                    )

PARAMS: Array
(
    [:adms_user_id] => 34
    [:adms_training_id] => 2
    [:data_realizacao] => 2025-09-08
    [:data_avaliacao] => 2025-09-08
    [:data_agendada] => 
    [:instrutor_nome] => 
    [:instrutor_email] => camila.lago@tiaraju.com.br
    [:instructor_user_id] => 15
    [:real_instructor_nome] => Camila Carvalho Lago
    [:real_instructor_email] => camila.lago@tiaraju.com.br
    [:aplicado_por] => 15
    [:nota] => 5
    [:observacoes] => 
    [:status] => concluido
    [:created_at] => 2025-09-08 16:40:32
)

Novo ID: 3

==== NOVO INSERT ====
2025-09-08 16:41:04
Array
(
    [adms_user_id] => 27
    [adms_training_id] => 2
    [data_realizacao] => 2025-09-08
    [data_avaliacao] => 2025-09-08
    [data_agendada] => 
    [nota] => 6
    [observacoes] => 
    [instrutor_nome] => 
    [instrutor_email] => camila.lago@tiaraju.com.br
    [instructor_user_id] => 15
    [real_instructor_nome] => Camila Carvalho Lago
    [real_instructor_email] => camila.lago@tiaraju.com.br
    [aplicado_por] => 15
    [status] => concluido
)

SQL: INSERT INTO adms_training_applications (
                        adms_user_id, adms_training_id, data_realizacao, data_avaliacao, data_agendada, instrutor_nome, instrutor_email, instructor_user_id, real_instructor_nome, real_instructor_email, aplicado_por, nota, observacoes, status, created_at, updated_at
                    ) VALUES (
                        :adms_user_id, :adms_training_id, :data_realizacao, :data_avaliacao, :data_agendada, :instrutor_nome, :instrutor_email, :instructor_user_id, :real_instructor_nome, :real_instructor_email, :aplicado_por, :nota, :observacoes, :status, :created_at, NOW()
                    )

PARAMS: Array
(
    [:adms_user_id] => 27
    [:adms_training_id] => 2
    [:data_realizacao] => 2025-09-08
    [:data_avaliacao] => 2025-09-08
    [:data_agendada] => 
    [:instrutor_nome] => 
    [:instrutor_email] => camila.lago@tiaraju.com.br
    [:instructor_user_id] => 15
    [:real_instructor_nome] => Camila Carvalho Lago
    [:real_instructor_email] => camila.lago@tiaraju.com.br
    [:aplicado_por] => 15
    [:nota] => 6
    [:observacoes] => 
    [:status] => concluido
    [:created_at] => 2025-09-08 16:41:04
)

Novo ID: 4

==== NOVO INSERT ====
2025-09-24 08:43:08
Array
(
    [adms_user_id] => 144
    [adms_training_id] => 5
    [data_realizacao] => 2025-09-24
    [data_avaliacao] => 2025-09-24
    [data_agendada] => 
    [nota] => 7
    [observacoes] => 
    [instrutor_nome] => 
    [instrutor_email] => camila.lago@tiaraju.com.br
    [instructor_user_id] => 15
    [real_instructor_nome] => Camila Carvalho Lago
    [real_instructor_email] => camila.lago@tiaraju.com.br
    [aplicado_por] => 15
    [status] => concluido
)

SQL: INSERT INTO adms_training_applications (
                        adms_user_id, adms_training_id, data_realizacao, data_avaliacao, data_agendada, instrutor_nome, instrutor_email, instructor_user_id, real_instructor_nome, real_instructor_email, aplicado_por, nota, observacoes, status, created_at, updated_at
                    ) VALUES (
                        :adms_user_id, :adms_training_id, :data_realizacao, :data_avaliacao, :data_agendada, :instrutor_nome, :instrutor_email, :instructor_user_id, :real_instructor_nome, :real_instructor_email, :aplicado_por, :nota, :observacoes, :status, :created_at, NOW()
                    )

PARAMS: Array
(
    [:adms_user_id] => 144
    [:adms_training_id] => 5
    [:data_realizacao] => 2025-09-24
    [:data_avaliacao] => 2025-09-24
    [:data_agendada] => 
    [:instrutor_nome] => 
    [:instrutor_email] => camila.lago@tiaraju.com.br
    [:instructor_user_id] => 15
    [:real_instructor_nome] => Camila Carvalho Lago
    [:real_instructor_email] => camila.lago@tiaraju.com.br
    [:aplicado_por] => 15
    [:nota] => 7
    [:observacoes] => 
    [:status] => concluido
    [:created_at] => 2025-09-24 08:43:09
)

Novo ID: 5

==== NOVO INSERT ====
2025-09-24 08:49:17
Array
(
    [adms_user_id] => 157
    [adms_training_id] => 5
    [data_realizacao] => 2025-09-24
    [data_avaliacao] => 
    [data_agendada] => 
    [nota] => 8
    [observacoes] => 
    [instrutor_nome] => 
    [instrutor_email] => camila.lago@tiaraju.com.br
    [instructor_user_id] => 15
    [real_instructor_nome] => Camila Carvalho Lago
    [real_instructor_email] => camila.lago@tiaraju.com.br
    [aplicado_por] => 15
    [status] => concluido
)

SQL: INSERT INTO adms_training_applications (
                        adms_user_id, adms_training_id, data_realizacao, data_avaliacao, data_agendada, instrutor_nome, instrutor_email, instructor_user_id, real_instructor_nome, real_instructor_email, aplicado_por, nota, observacoes, status, created_at, updated_at
                    ) VALUES (
                        :adms_user_id, :adms_training_id, :data_realizacao, :data_avaliacao, :data_agendada, :instrutor_nome, :instrutor_email, :instructor_user_id, :real_instructor_nome, :real_instructor_email, :aplicado_por, :nota, :observacoes, :status, :created_at, NOW()
                    )

PARAMS: Array
(
    [:adms_user_id] => 157
    [:adms_training_id] => 5
    [:data_realizacao] => 2025-09-24
    [:data_avaliacao] => 
    [:data_agendada] => 
    [:instrutor_nome] => 
    [:instrutor_email] => camila.lago@tiaraju.com.br
    [:instructor_user_id] => 15
    [:real_instructor_nome] => Camila Carvalho Lago
    [:real_instructor_email] => camila.lago@tiaraju.com.br
    [:aplicado_por] => 15
    [:nota] => 8
    [:observacoes] => 
    [:status] => concluido
    [:created_at] => 2025-09-24 08:49:17
)

Novo ID: 6

==== NOVO INSERT ====
2025-09-24 09:13:14
Array
(
    [adms_user_id] => 144
    [adms_training_id] => 5
    [data_realizacao] => 2025-09-24
    [data_avaliacao] => 
    [data_agendada] => 
    [nota] => 7.00
    [observacoes] => 
    [instrutor_nome] => 
    [instrutor_email] => camila.lago@tiaraju.com.br
    [instructor_user_id] => 15
    [real_instructor_nome] => Camila Carvalho Lago
    [real_instructor_email] => camila.lago@tiaraju.com.br
    [aplicado_por] => 15
    [status] => concluido
)

SQL: INSERT INTO adms_training_applications (
                        adms_user_id, adms_training_id, data_realizacao, data_avaliacao, data_agendada, instrutor_nome, instrutor_email, instructor_user_id, real_instructor_nome, real_instructor_email, aplicado_por, nota, observacoes, status, created_at, updated_at
                    ) VALUES (
                        :adms_user_id, :adms_training_id, :data_realizacao, :data_avaliacao, :data_agendada, :instrutor_nome, :instrutor_email, :instructor_user_id, :real_instructor_nome, :real_instructor_email, :aplicado_por, :nota, :observacoes, :status, :created_at, NOW()
                    )

PARAMS: Array
(
    [:adms_user_id] => 144
    [:adms_training_id] => 5
    [:data_realizacao] => 2025-09-24
    [:data_avaliacao] => 
    [:data_agendada] => 
    [:instrutor_nome] => 
    [:instrutor_email] => camila.lago@tiaraju.com.br
    [:instructor_user_id] => 15
    [:real_instructor_nome] => Camila Carvalho Lago
    [:real_instructor_email] => camila.lago@tiaraju.com.br
    [:aplicado_por] => 15
    [:nota] => 7.00
    [:observacoes] => 
    [:status] => concluido
    [:created_at] => 2025-09-24 09:13:14
)

Novo ID: 7

==== NOVO INSERT ====
2025-09-24 09:14:01
Array
(
    [adms_user_id] => 144
    [adms_training_id] => 6
    [data_realizacao] => 2025-09-24
    [data_avaliacao] => 2025-09-24
    [data_agendada] => 
    [nota] => 8
    [observacoes] => 
    [instrutor_nome] => 
    [instrutor_email] => camila.lago@tiaraju.com.br
    [instructor_user_id] => 15
    [real_instructor_nome] => Camila Carvalho Lago
    [real_instructor_email] => camila.lago@tiaraju.com.br
    [aplicado_por] => 15
    [status] => concluido
)

SQL: INSERT INTO adms_training_applications (
                        adms_user_id, adms_training_id, data_realizacao, data_avaliacao, data_agendada, instrutor_nome, instrutor_email, instructor_user_id, real_instructor_nome, real_instructor_email, aplicado_por, nota, observacoes, status, created_at, updated_at
                    ) VALUES (
                        :adms_user_id, :adms_training_id, :data_realizacao, :data_avaliacao, :data_agendada, :instrutor_nome, :instrutor_email, :instructor_user_id, :real_instructor_nome, :real_instructor_email, :aplicado_por, :nota, :observacoes, :status, :created_at, NOW()
                    )

PARAMS: Array
(
    [:adms_user_id] => 144
    [:adms_training_id] => 6
    [:data_realizacao] => 2025-09-24
    [:data_avaliacao] => 2025-09-24
    [:data_agendada] => 
    [:instrutor_nome] => 
    [:instrutor_email] => camila.lago@tiaraju.com.br
    [:instructor_user_id] => 15
    [:real_instructor_nome] => Camila Carvalho Lago
    [:real_instructor_email] => camila.lago@tiaraju.com.br
    [:aplicado_por] => 15
    [:nota] => 8
    [:observacoes] => 
    [:status] => concluido
    [:created_at] => 2025-09-24 09:14:01
)

Novo ID: 8

==== NOVO INSERT ====
2025-09-24 09:38:31
Array
(
    [adms_user_id] => 146
    [adms_training_id] => 5
    [data_realizacao] => 2025-09-24
    [data_avaliacao] => 2025-09-24
    [data_agendada] => 
    [nota] => 8
    [observacoes] => 
    [instrutor_nome] => 
    [instrutor_email] => camila.lago@tiaraju.com.br
    [instructor_user_id] => 15
    [real_instructor_nome] => Camila Carvalho Lago
    [real_instructor_email] => camila.lago@tiaraju.com.br
    [aplicado_por] => 15
    [status] => concluido
)

SQL: INSERT INTO adms_training_applications (
                        adms_user_id, adms_training_id, data_realizacao, data_avaliacao, data_agendada, instrutor_nome, instrutor_email, instructor_user_id, real_instructor_nome, real_instructor_email, aplicado_por, nota, observacoes, status, created_at, updated_at
                    ) VALUES (
                        :adms_user_id, :adms_training_id, :data_realizacao, :data_avaliacao, :data_agendada, :instrutor_nome, :instrutor_email, :instructor_user_id, :real_instructor_nome, :real_instructor_email, :aplicado_por, :nota, :observacoes, :status, :created_at, NOW()
                    )

PARAMS: Array
(
    [:adms_user_id] => 146
    [:adms_training_id] => 5
    [:data_realizacao] => 2025-09-24
    [:data_avaliacao] => 2025-09-24
    [:data_agendada] => 
    [:instrutor_nome] => 
    [:instrutor_email] => camila.lago@tiaraju.com.br
    [:instructor_user_id] => 15
    [:real_instructor_nome] => Camila Carvalho Lago
    [:real_instructor_email] => camila.lago@tiaraju.com.br
    [:aplicado_por] => 15
    [:nota] => 8
    [:observacoes] => 
    [:status] => concluido
    [:created_at] => 2025-09-24 09:38:31
)

Novo ID: 9

==== NOVO INSERT ====
2025-09-24 09:40:23
Array
(
    [adms_user_id] => 147
    [adms_training_id] => 5
    [data_realizacao] => 2025-09-24
    [data_avaliacao] => 
    [data_agendada] => 
    [nota] => 9
    [observacoes] => 
    [instrutor_nome] => 
    [instrutor_email] => camila.lago@tiaraju.com.br
    [instructor_user_id] => 15
    [real_instructor_nome] => Camila Carvalho Lago
    [real_instructor_email] => camila.lago@tiaraju.com.br
    [aplicado_por] => 15
    [status] => concluido
)

SQL: INSERT INTO adms_training_applications (
                        adms_user_id, adms_training_id, data_realizacao, data_avaliacao, data_agendada, instrutor_nome, instrutor_email, instructor_user_id, real_instructor_nome, real_instructor_email, aplicado_por, nota, observacoes, status, created_at, updated_at
                    ) VALUES (
                        :adms_user_id, :adms_training_id, :data_realizacao, :data_avaliacao, :data_agendada, :instrutor_nome, :instrutor_email, :instructor_user_id, :real_instructor_nome, :real_instructor_email, :aplicado_por, :nota, :observacoes, :status, :created_at, NOW()
                    )

PARAMS: Array
(
    [:adms_user_id] => 147
    [:adms_training_id] => 5
    [:data_realizacao] => 2025-09-24
    [:data_avaliacao] => 
    [:data_agendada] => 
    [:instrutor_nome] => 
    [:instrutor_email] => camila.lago@tiaraju.com.br
    [:instructor_user_id] => 15
    [:real_instructor_nome] => Camila Carvalho Lago
    [:real_instructor_email] => camila.lago@tiaraju.com.br
    [:aplicado_por] => 15
    [:nota] => 9
    [:observacoes] => 
    [:status] => concluido
    [:created_at] => 2025-09-24 09:40:23
)

Novo ID: 10

==== NOVO INSERT ====
2025-09-25 07:40:02
Array
(
    [adms_user_id] => 51
    [adms_training_id] => 2
    [data_realizacao] => 2025-09-25
    [data_avaliacao] => 2025-09-25
    [data_agendada] => 
    [nota] => 8
    [observacoes] => 
    [instrutor_nome] => 
    [instrutor_email] => camila.lago@tiaraju.com.br
    [instructor_user_id] => 15
    [real_instructor_nome] => Camila Carvalho Lago
    [real_instructor_email] => camila.lago@tiaraju.com.br
    [aplicado_por] => 1
    [status] => concluido
)

SQL: INSERT INTO adms_training_applications (
                        adms_user_id, adms_training_id, data_realizacao, data_avaliacao, data_agendada, instrutor_nome, instrutor_email, instructor_user_id, real_instructor_nome, real_instructor_email, aplicado_por, nota, observacoes, status, created_at, updated_at
                    ) VALUES (
                        :adms_user_id, :adms_training_id, :data_realizacao, :data_avaliacao, :data_agendada, :instrutor_nome, :instrutor_email, :instructor_user_id, :real_instructor_nome, :real_instructor_email, :aplicado_por, :nota, :observacoes, :status, :created_at, NOW()
                    )

PARAMS: Array
(
    [:adms_user_id] => 51
    [:adms_training_id] => 2
    [:data_realizacao] => 2025-09-25
    [:data_avaliacao] => 2025-09-25
    [:data_agendada] => 
    [:instrutor_nome] => 
    [:instrutor_email] => camila.lago@tiaraju.com.br
    [:instructor_user_id] => 15
    [:real_instructor_nome] => Camila Carvalho Lago
    [:real_instructor_email] => camila.lago@tiaraju.com.br
    [:aplicado_por] => 1
    [:nota] => 8
    [:observacoes] => 
    [:status] => concluido
    [:created_at] => 2025-09-25 07:40:02
)

Novo ID: 11

==== NOVO INSERT ====
2025-09-25 08:32:23
Array
(
    [adms_user_id] => 20
    [adms_training_id] => 2
    [data_realizacao] => 2025-09-10
    [data_avaliacao] => 2025-09-17
    [data_agendada] => 
    [nota] => 8
    [observacoes] => 
    [instrutor_nome] => 
    [instrutor_email] => camila.lago@tiaraju.com.br
    [instructor_user_id] => 15
    [real_instructor_nome] => Camila Carvalho Lago
    [real_instructor_email] => camila.lago@tiaraju.com.br
    [aplicado_por] => 1
    [status] => concluido
)

SQL: INSERT INTO adms_training_applications (
                        adms_user_id, adms_training_id, data_realizacao, data_avaliacao, data_agendada, instrutor_nome, instrutor_email, instructor_user_id, real_instructor_nome, real_instructor_email, aplicado_por, nota, observacoes, status, created_at, updated_at
                    ) VALUES (
                        :adms_user_id, :adms_training_id, :data_realizacao, :data_avaliacao, :data_agendada, :instrutor_nome, :instrutor_email, :instructor_user_id, :real_instructor_nome, :real_instructor_email, :aplicado_por, :nota, :observacoes, :status, :created_at, NOW()
                    )

PARAMS: Array
(
    [:adms_user_id] => 20
    [:adms_training_id] => 2
    [:data_realizacao] => 2025-09-10
    [:data_avaliacao] => 2025-09-17
    [:data_agendada] => 
    [:instrutor_nome] => 
    [:instrutor_email] => camila.lago@tiaraju.com.br
    [:instructor_user_id] => 15
    [:real_instructor_nome] => Camila Carvalho Lago
    [:real_instructor_email] => camila.lago@tiaraju.com.br
    [:aplicado_por] => 1
    [:nota] => 8
    [:observacoes] => 
    [:status] => concluido
    [:created_at] => 2025-09-25 08:32:23
)

Novo ID: 12

==== NOVO INSERT ====
2025-09-25 08:41:15
Array
(
    [adms_user_id] => 20
    [adms_training_id] => 2
    [data_realizacao] => 2025-09-18
    [data_avaliacao] => 2025-09-20
    [data_agendada] => 
    [nota] => 9
    [observacoes] => 
    [instrutor_nome] => 
    [instrutor_email] => camila.lago@tiaraju.com.br
    [instructor_user_id] => 15
    [real_instructor_nome] => Camila Carvalho Lago
    [real_instructor_email] => camila.lago@tiaraju.com.br
    [aplicado_por] => 1
    [status] => concluido
)

SQL: INSERT INTO adms_training_applications (
                        adms_user_id, adms_training_id, data_realizacao, data_avaliacao, data_agendada, instrutor_nome, instrutor_email, instructor_user_id, real_instructor_nome, real_instructor_email, aplicado_por, nota, observacoes, status, created_at, updated_at
                    ) VALUES (
                        :adms_user_id, :adms_training_id, :data_realizacao, :data_avaliacao, :data_agendada, :instrutor_nome, :instrutor_email, :instructor_user_id, :real_instructor_nome, :real_instructor_email, :aplicado_por, :nota, :observacoes, :status, :created_at, NOW()
                    )

PARAMS: Array
(
    [:adms_user_id] => 20
    [:adms_training_id] => 2
    [:data_realizacao] => 2025-09-18
    [:data_avaliacao] => 2025-09-20
    [:data_agendada] => 
    [:instrutor_nome] => 
    [:instrutor_email] => camila.lago@tiaraju.com.br
    [:instructor_user_id] => 15
    [:real_instructor_nome] => Camila Carvalho Lago
    [:real_instructor_email] => camila.lago@tiaraju.com.br
    [:aplicado_por] => 1
    [:nota] => 9
    [:observacoes] => 
    [:status] => concluido
    [:created_at] => 2025-09-25 08:41:15
)

Novo ID: 13

==== NOVO INSERT ====
2025-09-25 09:28:59
Array
(
    [adms_user_id] => 20
    [adms_training_id] => 2
    [data_realizacao] => 2025-09-20
    [data_avaliacao] => 2025-09-22
    [data_agendada] => 
    [nota] => 9.5
    [observacoes] => 
    [instrutor_nome] => 
    [instrutor_email] => camila.lago@tiaraju.com.br
    [instructor_user_id] => 15
    [real_instructor_nome] => Camila Carvalho Lago
    [real_instructor_email] => camila.lago@tiaraju.com.br
    [aplicado_por] => 1
    [status] => concluido
)

SQL: INSERT INTO adms_training_applications (
                        adms_user_id, adms_training_id, data_realizacao, data_avaliacao, data_agendada, instrutor_nome, instrutor_email, instructor_user_id, real_instructor_nome, real_instructor_email, aplicado_por, nota, observacoes, status, created_at, updated_at
                    ) VALUES (
                        :adms_user_id, :adms_training_id, :data_realizacao, :data_avaliacao, :data_agendada, :instrutor_nome, :instrutor_email, :instructor_user_id, :real_instructor_nome, :real_instructor_email, :aplicado_por, :nota, :observacoes, :status, :created_at, NOW()
                    )

PARAMS: Array
(
    [:adms_user_id] => 20
    [:adms_training_id] => 2
    [:data_realizacao] => 2025-09-20
    [:data_avaliacao] => 2025-09-22
    [:data_agendada] => 
    [:instrutor_nome] => 
    [:instrutor_email] => camila.lago@tiaraju.com.br
    [:instructor_user_id] => 15
    [:real_instructor_nome] => Camila Carvalho Lago
    [:real_instructor_email] => camila.lago@tiaraju.com.br
    [:aplicado_por] => 1
    [:nota] => 9.5
    [:observacoes] => 
    [:status] => concluido
    [:created_at] => 2025-09-25 09:28:59
)

Novo ID: 14

==== NOVO INSERT ====
2025-09-25 09:56:36
Array
(
    [adms_user_id] => 49
    [adms_training_id] => 2
    [data_realizacao] => 2025-09-10
    [data_avaliacao] => 2025-09-16
    [data_agendada] => 
    [nota] => 9
    [observacoes] => 
    [instrutor_nome] => 
    [instrutor_email] => camila.lago@tiaraju.com.br
    [instructor_user_id] => 15
    [real_instructor_nome] => Camila Carvalho Lago
    [real_instructor_email] => camila.lago@tiaraju.com.br
    [aplicado_por] => 1
    [status] => concluido
)

SQL: INSERT INTO adms_training_applications (
                        adms_user_id, adms_training_id, data_realizacao, data_avaliacao, data_agendada, instrutor_nome, instrutor_email, instructor_user_id, real_instructor_nome, real_instructor_email, aplicado_por, nota, observacoes, status, created_at, updated_at
                    ) VALUES (
                        :adms_user_id, :adms_training_id, :data_realizacao, :data_avaliacao, :data_agendada, :instrutor_nome, :instrutor_email, :instructor_user_id, :real_instructor_nome, :real_instructor_email, :aplicado_por, :nota, :observacoes, :status, :created_at, NOW()
                    )

PARAMS: Array
(
    [:adms_user_id] => 49
    [:adms_training_id] => 2
    [:data_realizacao] => 2025-09-10
    [:data_avaliacao] => 2025-09-16
    [:data_agendada] => 
    [:instrutor_nome] => 
    [:instrutor_email] => camila.lago@tiaraju.com.br
    [:instructor_user_id] => 15
    [:real_instructor_nome] => Camila Carvalho Lago
    [:real_instructor_email] => camila.lago@tiaraju.com.br
    [:aplicado_por] => 1
    [:nota] => 9
    [:observacoes] => 
    [:status] => concluido
    [:created_at] => 2025-09-25 09:56:36
)

Novo ID: 15

==== NOVO INSERT ====
2025-10-17 08:53:16
Array
(
    [adms_user_id] => 51
    [adms_training_id] => 1
    [data_realizacao] => 2025-10-10
    [data_avaliacao] => 
    [data_agendada] => 
    [nota] => 9
    [observacoes] => 
    [instrutor_nome] => 
    [instrutor_email] => rafael.oliveira@tiaraju.com.br.com.br
    [instructor_user_id] => 126
    [real_instructor_nome] => Rafael Mendes de Oliveira
    [real_instructor_email] => rafael.oliveira@tiaraju.com.br.com.br
    [aplicado_por] => 1
    [status] => concluido
)

SQL: INSERT INTO adms_training_applications (
                        adms_user_id, adms_training_id, data_realizacao, data_avaliacao, data_agendada, instrutor_nome, instrutor_email, instructor_user_id, real_instructor_nome, real_instructor_email, aplicado_por, nota, observacoes, status, created_at, updated_at
                    ) VALUES (
                        :adms_user_id, :adms_training_id, :data_realizacao, :data_avaliacao, :data_agendada, :instrutor_nome, :instrutor_email, :instructor_user_id, :real_instructor_nome, :real_instructor_email, :aplicado_por, :nota, :observacoes, :status, :created_at, NOW()
                    )

PARAMS: Array
(
    [:adms_user_id] => 51
    [:adms_training_id] => 1
    [:data_realizacao] => 2025-10-10
    [:data_avaliacao] => 
    [:data_agendada] => 
    [:instrutor_nome] => 
    [:instrutor_email] => rafael.oliveira@tiaraju.com.br.com.br
    [:instructor_user_id] => 126
    [:real_instructor_nome] => Rafael Mendes de Oliveira
    [:real_instructor_email] => rafael.oliveira@tiaraju.com.br.com.br
    [:aplicado_por] => 1
    [:nota] => 9
    [:observacoes] => 
    [:status] => concluido
    [:created_at] => 2025-10-17 08:53:16
)

Novo ID: 16

==== NOVO INSERT ====
2025-10-17 08:55:17
Array
(
    [adms_user_id] => 19
    [adms_training_id] => 1
    [data_realizacao] => 2025-10-16
    [data_avaliacao] => 
    [data_agendada] => 
    [nota] => 9.1
    [observacoes] => 
    [instrutor_nome] => 
    [instrutor_email] => rafael.oliveira@tiaraju.com.br.com.br
    [instructor_user_id] => 126
    [real_instructor_nome] => Rafael Mendes de Oliveira
    [real_instructor_email] => rafael.oliveira@tiaraju.com.br.com.br
    [aplicado_por] => 1
    [status] => concluido
)

SQL: INSERT INTO adms_training_applications (
                        adms_user_id, adms_training_id, data_realizacao, data_avaliacao, data_agendada, instrutor_nome, instrutor_email, instructor_user_id, real_instructor_nome, real_instructor_email, aplicado_por, nota, observacoes, status, created_at, updated_at
                    ) VALUES (
                        :adms_user_id, :adms_training_id, :data_realizacao, :data_avaliacao, :data_agendada, :instrutor_nome, :instrutor_email, :instructor_user_id, :real_instructor_nome, :real_instructor_email, :aplicado_por, :nota, :observacoes, :status, :created_at, NOW()
                    )

PARAMS: Array
(
    [:adms_user_id] => 19
    [:adms_training_id] => 1
    [:data_realizacao] => 2025-10-16
    [:data_avaliacao] => 
    [:data_agendada] => 
    [:instrutor_nome] => 
    [:instrutor_email] => rafael.oliveira@tiaraju.com.br.com.br
    [:instructor_user_id] => 126
    [:real_instructor_nome] => Rafael Mendes de Oliveira
    [:real_instructor_email] => rafael.oliveira@tiaraju.com.br.com.br
    [:aplicado_por] => 1
    [:nota] => 9.1
    [:observacoes] => 
    [:status] => concluido
    [:created_at] => 2025-10-17 08:55:17
)

Novo ID: 17

==== NOVO INSERT ====
2025-10-17 08:57:45
Array
(
    [adms_user_id] => 145
    [adms_training_id] => 5
    [data_realizacao] => 2025-10-17
    [data_avaliacao] => 
    [data_agendada] => 
    [nota] => 9
    [observacoes] => 
    [instrutor_nome] => 
    [instrutor_email] => camila.lago@tiaraju.com.br
    [instructor_user_id] => 15
    [real_instructor_nome] => Camila Carvalho Lago
    [real_instructor_email] => camila.lago@tiaraju.com.br
    [aplicado_por] => 1
    [status] => concluido
)

SQL: INSERT INTO adms_training_applications (
                        adms_user_id, adms_training_id, data_realizacao, data_avaliacao, data_agendada, instrutor_nome, instrutor_email, instructor_user_id, real_instructor_nome, real_instructor_email, aplicado_por, nota, observacoes, status, created_at, updated_at
                    ) VALUES (
                        :adms_user_id, :adms_training_id, :data_realizacao, :data_avaliacao, :data_agendada, :instrutor_nome, :instrutor_email, :instructor_user_id, :real_instructor_nome, :real_instructor_email, :aplicado_por, :nota, :observacoes, :status, :created_at, NOW()
                    )

PARAMS: Array
(
    [:adms_user_id] => 145
    [:adms_training_id] => 5
    [:data_realizacao] => 2025-10-17
    [:data_avaliacao] => 
    [:data_agendada] => 
    [:instrutor_nome] => 
    [:instrutor_email] => camila.lago@tiaraju.com.br
    [:instructor_user_id] => 15
    [:real_instructor_nome] => Camila Carvalho Lago
    [:real_instructor_email] => camila.lago@tiaraju.com.br
    [:aplicado_por] => 1
    [:nota] => 9
    [:observacoes] => 
    [:status] => concluido
    [:created_at] => 2025-10-17 08:57:45
)

Novo ID: 18

==== NOVO INSERT ====
2025-10-17 08:59:37
Array
(
    [adms_user_id] => 19
    [adms_training_id] => 4
    [data_realizacao] => 2025-10-17
    [data_avaliacao] => 
    [data_agendada] => 
    [nota] => 8.1
    [observacoes] => 
    [instrutor_nome] => 
    [instrutor_email] => camila.lago@tiaraju.com.br
    [instructor_user_id] => 15
    [real_instructor_nome] => Camila Carvalho Lago
    [real_instructor_email] => camila.lago@tiaraju.com.br
    [aplicado_por] => 1
    [status] => concluido
)

SQL: INSERT INTO adms_training_applications (
                        adms_user_id, adms_training_id, data_realizacao, data_avaliacao, data_agendada, instrutor_nome, instrutor_email, instructor_user_id, real_instructor_nome, real_instructor_email, aplicado_por, nota, observacoes, status, created_at, updated_at
                    ) VALUES (
                        :adms_user_id, :adms_training_id, :data_realizacao, :data_avaliacao, :data_agendada, :instrutor_nome, :instrutor_email, :instructor_user_id, :real_instructor_nome, :real_instructor_email, :aplicado_por, :nota, :observacoes, :status, :created_at, NOW()
                    )

PARAMS: Array
(
    [:adms_user_id] => 19
    [:adms_training_id] => 4
    [:data_realizacao] => 2025-10-17
    [:data_avaliacao] => 
    [:data_agendada] => 
    [:instrutor_nome] => 
    [:instrutor_email] => camila.lago@tiaraju.com.br
    [:instructor_user_id] => 15
    [:real_instructor_nome] => Camila Carvalho Lago
    [:real_instructor_email] => camila.lago@tiaraju.com.br
    [:aplicado_por] => 1
    [:nota] => 8.1
    [:observacoes] => 
    [:status] => concluido
    [:created_at] => 2025-10-17 08:59:37
)

Novo ID: 19

==== NOVO INSERT ====
2025-10-17 09:20:34
Array
(
    [adms_user_id] => 8
    [adms_training_id] => 1
    [data_realizacao] => 2025-10-04
    [data_avaliacao] => 2025-10-09
    [data_agendada] => 
    [nota] => 9
    [observacoes] => 
    [instrutor_nome] => 
    [instrutor_email] => rafael.oliveira@tiaraju.com.br.com.br
    [instructor_user_id] => 126
    [real_instructor_nome] => Rafael Mendes de Oliveira
    [real_instructor_email] => rafael.oliveira@tiaraju.com.br.com.br
    [aplicado_por] => 1
    [status] => concluido
)

SQL: INSERT INTO adms_training_applications (
                        adms_user_id, adms_training_id, data_realizacao, data_avaliacao, data_agendada, instrutor_nome, instrutor_email, instructor_user_id, real_instructor_nome, real_instructor_email, aplicado_por, nota, observacoes, status, created_at, updated_at
                    ) VALUES (
                        :adms_user_id, :adms_training_id, :data_realizacao, :data_avaliacao, :data_agendada, :instrutor_nome, :instrutor_email, :instructor_user_id, :real_instructor_nome, :real_instructor_email, :aplicado_por, :nota, :observacoes, :status, :created_at, NOW()
                    )

PARAMS: Array
(
    [:adms_user_id] => 8
    [:adms_training_id] => 1
    [:data_realizacao] => 2025-10-04
    [:data_avaliacao] => 2025-10-09
    [:data_agendada] => 
    [:instrutor_nome] => 
    [:instrutor_email] => rafael.oliveira@tiaraju.com.br.com.br
    [:instructor_user_id] => 126
    [:real_instructor_nome] => Rafael Mendes de Oliveira
    [:real_instructor_email] => rafael.oliveira@tiaraju.com.br.com.br
    [:aplicado_por] => 1
    [:nota] => 9
    [:observacoes] => 
    [:status] => concluido
    [:created_at] => 2025-10-17 09:20:34
)

Novo ID: 20

==== NOVO INSERT ====
2025-10-17 10:32:18
Array
(
    [adms_user_id] => 126
    [adms_training_id] => 1
    [data_realizacao] => 2025-10-09
    [data_avaliacao] => 2025-10-17
    [data_agendada] => 
    [nota] => 8.7
    [observacoes] => 
    [instrutor_nome] => 
    [instrutor_email] => rafael.oliveira@tiaraju.com.br.com.br
    [instructor_user_id] => 126
    [real_instructor_nome] => Rafael Mendes de Oliveira
    [real_instructor_email] => rafael.oliveira@tiaraju.com.br.com.br
    [aplicado_por] => 1
    [status] => concluido
)

SQL: INSERT INTO adms_training_applications (
                        adms_user_id, adms_training_id, data_realizacao, data_avaliacao, data_agendada, instrutor_nome, instrutor_email, instructor_user_id, real_instructor_nome, real_instructor_email, aplicado_por, nota, observacoes, status, created_at, updated_at
                    ) VALUES (
                        :adms_user_id, :adms_training_id, :data_realizacao, :data_avaliacao, :data_agendada, :instrutor_nome, :instrutor_email, :instructor_user_id, :real_instructor_nome, :real_instructor_email, :aplicado_por, :nota, :observacoes, :status, :created_at, NOW()
                    )

PARAMS: Array
(
    [:adms_user_id] => 126
    [:adms_training_id] => 1
    [:data_realizacao] => 2025-10-09
    [:data_avaliacao] => 2025-10-17
    [:data_agendada] => 
    [:instrutor_nome] => 
    [:instrutor_email] => rafael.oliveira@tiaraju.com.br.com.br
    [:instructor_user_id] => 126
    [:real_instructor_nome] => Rafael Mendes de Oliveira
    [:real_instructor_email] => rafael.oliveira@tiaraju.com.br.com.br
    [:aplicado_por] => 1
    [:nota] => 8.7
    [:observacoes] => 
    [:status] => concluido
    [:created_at] => 2025-10-17 10:32:18
)

Novo ID: 21

==== NOVO INSERT ====
2025-10-17 10:37:30
Array
(
    [adms_user_id] => 145
    [adms_training_id] => 6
    [data_realizacao] => 2025-10-11
    [data_avaliacao] => 2025-10-11
    [data_agendada] => 
    [nota] => 9
    [observacoes] => 
    [instrutor_nome] => 
    [instrutor_email] => camila.lago@tiaraju.com.br
    [instructor_user_id] => 15
    [real_instructor_nome] => Camila Carvalho Lago
    [real_instructor_email] => camila.lago@tiaraju.com.br
    [aplicado_por] => 1
    [status] => concluido
)

SQL: INSERT INTO adms_training_applications (
                        adms_user_id, adms_training_id, data_realizacao, data_avaliacao, data_agendada, instrutor_nome, instrutor_email, instructor_user_id, real_instructor_nome, real_instructor_email, aplicado_por, nota, observacoes, status, created_at, updated_at
                    ) VALUES (
                        :adms_user_id, :adms_training_id, :data_realizacao, :data_avaliacao, :data_agendada, :instrutor_nome, :instrutor_email, :instructor_user_id, :real_instructor_nome, :real_instructor_email, :aplicado_por, :nota, :observacoes, :status, :created_at, NOW()
                    )

PARAMS: Array
(
    [:adms_user_id] => 145
    [:adms_training_id] => 6
    [:data_realizacao] => 2025-10-11
    [:data_avaliacao] => 2025-10-11
    [:data_agendada] => 
    [:instrutor_nome] => 
    [:instrutor_email] => camila.lago@tiaraju.com.br
    [:instructor_user_id] => 15
    [:real_instructor_nome] => Camila Carvalho Lago
    [:real_instructor_email] => camila.lago@tiaraju.com.br
    [:aplicado_por] => 1
    [:nota] => 9
    [:observacoes] => 
    [:status] => concluido
    [:created_at] => 2025-10-17 10:37:30
)

Novo ID: 22

==== NOVO INSERT ====
2025-10-17 11:52:09
Array
(
    [adms_user_id] => 67
    [adms_training_id] => 1
    [data_realizacao] => 2025-10-01
    [data_avaliacao] => 2025-10-09
    [data_agendada] => 
    [nota] => 5.2
    [observacoes] => 
    [instrutor_nome] => 
    [instrutor_email] => rafael.oliveira@tiaraju.com.br.com.br
    [instructor_user_id] => 126
    [real_instructor_nome] => Rafael Mendes de Oliveira
    [real_instructor_email] => rafael.oliveira@tiaraju.com.br.com.br
    [aplicado_por] => 15
    [status] => concluido
)

SQL: INSERT INTO adms_training_applications (
                        adms_user_id, adms_training_id, data_realizacao, data_avaliacao, data_agendada, instrutor_nome, instrutor_email, instructor_user_id, real_instructor_nome, real_instructor_email, aplicado_por, nota, observacoes, status, created_at, updated_at
                    ) VALUES (
                        :adms_user_id, :adms_training_id, :data_realizacao, :data_avaliacao, :data_agendada, :instrutor_nome, :instrutor_email, :instructor_user_id, :real_instructor_nome, :real_instructor_email, :aplicado_por, :nota, :observacoes, :status, :created_at, NOW()
                    )

PARAMS: Array
(
    [:adms_user_id] => 67
    [:adms_training_id] => 1
    [:data_realizacao] => 2025-10-01
    [:data_avaliacao] => 2025-10-09
    [:data_agendada] => 
    [:instrutor_nome] => 
    [:instrutor_email] => rafael.oliveira@tiaraju.com.br.com.br
    [:instructor_user_id] => 126
    [:real_instructor_nome] => Rafael Mendes de Oliveira
    [:real_instructor_email] => rafael.oliveira@tiaraju.com.br.com.br
    [:aplicado_por] => 15
    [:nota] => 5.2
    [:observacoes] => 
    [:status] => concluido
    [:created_at] => 2025-10-17 11:52:09
)

Novo ID: 23

==== NOVO INSERT ====
2025-10-17 11:53:16
Array
(
    [adms_user_id] => 28
    [adms_training_id] => 2
    [data_realizacao] => 2025-10-09
    [data_avaliacao] => 2025-10-17
    [data_agendada] => 
    [nota] => 6.3
    [observacoes] => 
    [instrutor_nome] => 
    [instrutor_email] => camila.lago@tiaraju.com.br
    [instructor_user_id] => 15
    [real_instructor_nome] => Camila Carvalho Lago
    [real_instructor_email] => camila.lago@tiaraju.com.br
    [aplicado_por] => 15
    [status] => concluido
)

SQL: INSERT INTO adms_training_applications (
                        adms_user_id, adms_training_id, data_realizacao, data_avaliacao, data_agendada, instrutor_nome, instrutor_email, instructor_user_id, real_instructor_nome, real_instructor_email, aplicado_por, nota, observacoes, status, created_at, updated_at
                    ) VALUES (
                        :adms_user_id, :adms_training_id, :data_realizacao, :data_avaliacao, :data_agendada, :instrutor_nome, :instrutor_email, :instructor_user_id, :real_instructor_nome, :real_instructor_email, :aplicado_por, :nota, :observacoes, :status, :created_at, NOW()
                    )

PARAMS: Array
(
    [:adms_user_id] => 28
    [:adms_training_id] => 2
    [:data_realizacao] => 2025-10-09
    [:data_avaliacao] => 2025-10-17
    [:data_agendada] => 
    [:instrutor_nome] => 
    [:instrutor_email] => camila.lago@tiaraju.com.br
    [:instructor_user_id] => 15
    [:real_instructor_nome] => Camila Carvalho Lago
    [:real_instructor_email] => camila.lago@tiaraju.com.br
    [:aplicado_por] => 15
    [:nota] => 6.3
    [:observacoes] => 
    [:status] => concluido
    [:created_at] => 2025-10-17 11:53:16
)

Novo ID: 24

==== NOVO INSERT ====
2025-10-17 13:18:31
Array
(
    [adms_user_id] => 15
    [adms_training_id] => 8
    [data_realizacao] => 2025-10-17
    [data_avaliacao] => 2025-10-17
    [data_agendada] => 
    [nota] => 8
    [observacoes] => 
    [instrutor_nome] => 
    [instrutor_email] => bruna.silva@teste.com.br
    [instructor_user_id] => 67
    [real_instructor_nome] => Bruna de Almeida da Silva
    [real_instructor_email] => bruna.silva@teste.com.br
    [aplicado_por] => 15
    [status] => concluido
)

SQL: INSERT INTO adms_training_applications (
                        adms_user_id, adms_training_id, data_realizacao, data_avaliacao, data_agendada, instrutor_nome, instrutor_email, instructor_user_id, real_instructor_nome, real_instructor_email, aplicado_por, nota, observacoes, status, created_at, updated_at
                    ) VALUES (
                        :adms_user_id, :adms_training_id, :data_realizacao, :data_avaliacao, :data_agendada, :instrutor_nome, :instrutor_email, :instructor_user_id, :real_instructor_nome, :real_instructor_email, :aplicado_por, :nota, :observacoes, :status, :created_at, NOW()
                    )

PARAMS: Array
(
    [:adms_user_id] => 15
    [:adms_training_id] => 8
    [:data_realizacao] => 2025-10-17
    [:data_avaliacao] => 2025-10-17
    [:data_agendada] => 
    [:instrutor_nome] => 
    [:instrutor_email] => bruna.silva@teste.com.br
    [:instructor_user_id] => 67
    [:real_instructor_nome] => Bruna de Almeida da Silva
    [:real_instructor_email] => bruna.silva@teste.com.br
    [:aplicado_por] => 15
    [:nota] => 8
    [:observacoes] => 
    [:status] => concluido
    [:created_at] => 2025-10-17 13:18:31
)

Novo ID: 25

==== NOVO INSERT ====
2025-10-17 13:19:20
Array
(
    [adms_user_id] => 16
    [adms_training_id] => 8
    [data_realizacao] => 2025-10-17
    [data_avaliacao] => 2025-10-17
    [data_agendada] => 
    [nota] => 8
    [observacoes] => não possui avaliação
    [instrutor_nome] => 
    [instrutor_email] => bruna.neuberger@teste.com.br
    [instructor_user_id] => 39
    [real_instructor_nome] => Bruna Neuberger
    [real_instructor_email] => bruna.neuberger@teste.com.br
    [aplicado_por] => 15
    [status] => concluido
)

SQL: INSERT INTO adms_training_applications (
                        adms_user_id, adms_training_id, data_realizacao, data_avaliacao, data_agendada, instrutor_nome, instrutor_email, instructor_user_id, real_instructor_nome, real_instructor_email, aplicado_por, nota, observacoes, status, created_at, updated_at
                    ) VALUES (
                        :adms_user_id, :adms_training_id, :data_realizacao, :data_avaliacao, :data_agendada, :instrutor_nome, :instrutor_email, :instructor_user_id, :real_instructor_nome, :real_instructor_email, :aplicado_por, :nota, :observacoes, :status, :created_at, NOW()
                    )

PARAMS: Array
(
    [:adms_user_id] => 16
    [:adms_training_id] => 8
    [:data_realizacao] => 2025-10-17
    [:data_avaliacao] => 2025-10-17
    [:data_agendada] => 
    [:instrutor_nome] => 
    [:instrutor_email] => bruna.neuberger@teste.com.br
    [:instructor_user_id] => 39
    [:real_instructor_nome] => Bruna Neuberger
    [:real_instructor_email] => bruna.neuberger@teste.com.br
    [:aplicado_por] => 15
    [:nota] => 8
    [:observacoes] => não possui avaliação
    [:status] => concluido
    [:created_at] => 2025-10-17 13:19:20
)

Novo ID: 26

==== NOVO INSERT ====
2025-10-17 13:19:49
Array
(
    [adms_user_id] => 17
    [adms_training_id] => 8
    [data_realizacao] => 2025-10-17
    [data_avaliacao] => 2025-10-17
    [data_agendada] => 
    [nota] => 9
    [observacoes] => 
    [instrutor_nome] => 
    [instrutor_email] => bruna.neuberger@teste.com.br
    [instructor_user_id] => 39
    [real_instructor_nome] => Bruna Neuberger
    [real_instructor_email] => bruna.neuberger@teste.com.br
    [aplicado_por] => 15
    [status] => concluido
)

SQL: INSERT INTO adms_training_applications (
                        adms_user_id, adms_training_id, data_realizacao, data_avaliacao, data_agendada, instrutor_nome, instrutor_email, instructor_user_id, real_instructor_nome, real_instructor_email, aplicado_por, nota, observacoes, status, created_at, updated_at
                    ) VALUES (
                        :adms_user_id, :adms_training_id, :data_realizacao, :data_avaliacao, :data_agendada, :instrutor_nome, :instrutor_email, :instructor_user_id, :real_instructor_nome, :real_instructor_email, :aplicado_por, :nota, :observacoes, :status, :created_at, NOW()
                    )

PARAMS: Array
(
    [:adms_user_id] => 17
    [:adms_training_id] => 8
    [:data_realizacao] => 2025-10-17
    [:data_avaliacao] => 2025-10-17
    [:data_agendada] => 
    [:instrutor_nome] => 
    [:instrutor_email] => bruna.neuberger@teste.com.br
    [:instructor_user_id] => 39
    [:real_instructor_nome] => Bruna Neuberger
    [:real_instructor_email] => bruna.neuberger@teste.com.br
    [:aplicado_por] => 15
    [:nota] => 9
    [:observacoes] => 
    [:status] => concluido
    [:created_at] => 2025-10-17 13:19:49
)

Novo ID: 27

==== NOVO INSERT ====
2025-10-17 13:20:12
Array
(
    [adms_user_id] => 18
    [adms_training_id] => 8
    [data_realizacao] => 2025-10-17
    [data_avaliacao] => 2025-10-17
    [data_agendada] => 
    [nota] => 8
    [observacoes] => 
    [instrutor_nome] => 
    [instrutor_email] => ana.froner@teste.com.br
    [instructor_user_id] => 144
    [real_instructor_nome] => Ana Paula Coimbra Froner
    [real_instructor_email] => ana.froner@teste.com.br
    [aplicado_por] => 15
    [status] => concluido
)

SQL: INSERT INTO adms_training_applications (
                        adms_user_id, adms_training_id, data_realizacao, data_avaliacao, data_agendada, instrutor_nome, instrutor_email, instructor_user_id, real_instructor_nome, real_instructor_email, aplicado_por, nota, observacoes, status, created_at, updated_at
                    ) VALUES (
                        :adms_user_id, :adms_training_id, :data_realizacao, :data_avaliacao, :data_agendada, :instrutor_nome, :instrutor_email, :instructor_user_id, :real_instructor_nome, :real_instructor_email, :aplicado_por, :nota, :observacoes, :status, :created_at, NOW()
                    )

PARAMS: Array
(
    [:adms_user_id] => 18
    [:adms_training_id] => 8
    [:data_realizacao] => 2025-10-17
    [:data_avaliacao] => 2025-10-17
    [:data_agendada] => 
    [:instrutor_nome] => 
    [:instrutor_email] => ana.froner@teste.com.br
    [:instructor_user_id] => 144
    [:real_instructor_nome] => Ana Paula Coimbra Froner
    [:real_instructor_email] => ana.froner@teste.com.br
    [:aplicado_por] => 15
    [:nota] => 8
    [:observacoes] => 
    [:status] => concluido
    [:created_at] => 2025-10-17 13:20:12
)

Novo ID: 28

==== NOVO INSERT ====
2025-10-17 13:30:10
Array
(
    [adms_user_id] => 15
    [adms_training_id] => 1
    [data_realizacao] => 2025-10-17
    [data_avaliacao] => 2025-10-17
    [data_agendada] => 
    [nota] => 8
    [observacoes] => 
    [instrutor_nome] => 
    [instrutor_email] => rafael.oliveira@tiaraju.com.br.com.br
    [instructor_user_id] => 126
    [real_instructor_nome] => Rafael Mendes de Oliveira
    [real_instructor_email] => rafael.oliveira@tiaraju.com.br.com.br
    [aplicado_por] => 15
    [status] => concluido
)

SQL: INSERT INTO adms_training_applications (
                        adms_user_id, adms_training_id, data_realizacao, data_avaliacao, data_agendada, instrutor_nome, instrutor_email, instructor_user_id, real_instructor_nome, real_instructor_email, aplicado_por, nota, observacoes, status, created_at, updated_at
                    ) VALUES (
                        :adms_user_id, :adms_training_id, :data_realizacao, :data_avaliacao, :data_agendada, :instrutor_nome, :instrutor_email, :instructor_user_id, :real_instructor_nome, :real_instructor_email, :aplicado_por, :nota, :observacoes, :status, :created_at, NOW()
                    )

PARAMS: Array
(
    [:adms_user_id] => 15
    [:adms_training_id] => 1
    [:data_realizacao] => 2025-10-17
    [:data_avaliacao] => 2025-10-17
    [:data_agendada] => 
    [:instrutor_nome] => 
    [:instrutor_email] => rafael.oliveira@tiaraju.com.br.com.br
    [:instructor_user_id] => 126
    [:real_instructor_nome] => Rafael Mendes de Oliveira
    [:real_instructor_email] => rafael.oliveira@tiaraju.com.br.com.br
    [:aplicado_por] => 15
    [:nota] => 8
    [:observacoes] => 
    [:status] => concluido
    [:created_at] => 2025-10-17 13:30:10
)

Novo ID: 29

==== NOVO INSERT ====
2025-10-17 13:30:48
Array
(
    [adms_user_id] => 15
    [adms_training_id] => 5
    [data_realizacao] => 2025-10-17
    [data_avaliacao] => 2025-10-17
    [data_agendada] => 
    [nota] => 9
    [observacoes] => 
    [instrutor_nome] => 
    [instrutor_email] => camila.lago@tiaraju.com.br
    [instructor_user_id] => 15
    [real_instructor_nome] => Camila Carvalho Lago
    [real_instructor_email] => camila.lago@tiaraju.com.br
    [aplicado_por] => 15
    [status] => concluido
)

SQL: INSERT INTO adms_training_applications (
                        adms_user_id, adms_training_id, data_realizacao, data_avaliacao, data_agendada, instrutor_nome, instrutor_email, instructor_user_id, real_instructor_nome, real_instructor_email, aplicado_por, nota, observacoes, status, created_at, updated_at
                    ) VALUES (
                        :adms_user_id, :adms_training_id, :data_realizacao, :data_avaliacao, :data_agendada, :instrutor_nome, :instrutor_email, :instructor_user_id, :real_instructor_nome, :real_instructor_email, :aplicado_por, :nota, :observacoes, :status, :created_at, NOW()
                    )

PARAMS: Array
(
    [:adms_user_id] => 15
    [:adms_training_id] => 5
    [:data_realizacao] => 2025-10-17
    [:data_avaliacao] => 2025-10-17
    [:data_agendada] => 
    [:instrutor_nome] => 
    [:instrutor_email] => camila.lago@tiaraju.com.br
    [:instructor_user_id] => 15
    [:real_instructor_nome] => Camila Carvalho Lago
    [:real_instructor_email] => camila.lago@tiaraju.com.br
    [:aplicado_por] => 15
    [:nota] => 9
    [:observacoes] => 
    [:status] => concluido
    [:created_at] => 2025-10-17 13:30:48
)

Novo ID: 30

==== NOVO INSERT ====
2025-10-21 09:01:27
Array
(
    [adms_user_id] => 51
    [adms_training_id] => 9
    [data_realizacao] => 2025-10-21
    [data_avaliacao] => 2025-10-21
    [data_agendada] => 
    [nota] => 6
    [observacoes] => 
    [instrutor_nome] => 
    [instrutor_email] => wladimir.souza@tiaraju.com.br
    [instructor_user_id] => 38
    [real_instructor_nome] => Wladimir Ribeiro de Souza
    [real_instructor_email] => wladimir.souza@tiaraju.com.br
    [aplicado_por] => 15
    [status] => concluido
)

SQL: INSERT INTO adms_training_applications (
                        adms_user_id, adms_training_id, data_realizacao, data_avaliacao, data_agendada, instrutor_nome, instrutor_email, instructor_user_id, real_instructor_nome, real_instructor_email, aplicado_por, nota, observacoes, status, created_at, updated_at
                    ) VALUES (
                        :adms_user_id, :adms_training_id, :data_realizacao, :data_avaliacao, :data_agendada, :instrutor_nome, :instrutor_email, :instructor_user_id, :real_instructor_nome, :real_instructor_email, :aplicado_por, :nota, :observacoes, :status, :created_at, NOW()
                    )

PARAMS: Array
(
    [:adms_user_id] => 51
    [:adms_training_id] => 9
    [:data_realizacao] => 2025-10-21
    [:data_avaliacao] => 2025-10-21
    [:data_agendada] => 
    [:instrutor_nome] => 
    [:instrutor_email] => wladimir.souza@tiaraju.com.br
    [:instructor_user_id] => 38
    [:real_instructor_nome] => Wladimir Ribeiro de Souza
    [:real_instructor_email] => wladimir.souza@tiaraju.com.br
    [:aplicado_por] => 15
    [:nota] => 6
    [:observacoes] => 
    [:status] => concluido
    [:created_at] => 2025-10-21 09:01:27
)

Novo ID: 31

==== NOVO INSERT ====
2025-10-21 09:03:07
Array
(
    [adms_user_id] => 101
    [adms_training_id] => 9
    [data_realizacao] => 2025-10-21
    [data_avaliacao] => 2025-10-21
    [data_agendada] => 
    [nota] => 7
    [observacoes] => 
    [instrutor_nome] => 
    [instrutor_email] => wladimir.souza@tiaraju.com.br
    [instructor_user_id] => 38
    [real_instructor_nome] => Wladimir Ribeiro de Souza
    [real_instructor_email] => wladimir.souza@tiaraju.com.br
    [aplicado_por] => 15
    [status] => concluido
)

SQL: INSERT INTO adms_training_applications (
                        adms_user_id, adms_training_id, data_realizacao, data_avaliacao, data_agendada, instrutor_nome, instrutor_email, instructor_user_id, real_instructor_nome, real_instructor_email, aplicado_por, nota, observacoes, status, created_at, updated_at
                    ) VALUES (
                        :adms_user_id, :adms_training_id, :data_realizacao, :data_avaliacao, :data_agendada, :instrutor_nome, :instrutor_email, :instructor_user_id, :real_instructor_nome, :real_instructor_email, :aplicado_por, :nota, :observacoes, :status, :created_at, NOW()
                    )

PARAMS: Array
(
    [:adms_user_id] => 101
    [:adms_training_id] => 9
    [:data_realizacao] => 2025-10-21
    [:data_avaliacao] => 2025-10-21
    [:data_agendada] => 
    [:instrutor_nome] => 
    [:instrutor_email] => wladimir.souza@tiaraju.com.br
    [:instructor_user_id] => 38
    [:real_instructor_nome] => Wladimir Ribeiro de Souza
    [:real_instructor_email] => wladimir.souza@tiaraju.com.br
    [:aplicado_por] => 15
    [:nota] => 7
    [:observacoes] => 
    [:status] => concluido
    [:created_at] => 2025-10-21 09:03:07
)

Novo ID: 32

==== NOVO INSERT ====
2025-10-21 09:04:11
Array
(
    [adms_user_id] => 51
    [adms_training_id] => 9
    [data_realizacao] => 2025-10-21
    [data_avaliacao] => 2025-10-21
    [data_agendada] => 
    [nota] => 9
    [observacoes] => 
    [instrutor_nome] => 
    [instrutor_email] => wladimir.souza@tiaraju.com.br
    [instructor_user_id] => 38
    [real_instructor_nome] => Wladimir Ribeiro de Souza
    [real_instructor_email] => wladimir.souza@tiaraju.com.br
    [aplicado_por] => 15
    [status] => concluido
)

SQL: INSERT INTO adms_training_applications (
                        adms_user_id, adms_training_id, data_realizacao, data_avaliacao, data_agendada, instrutor_nome, instrutor_email, instructor_user_id, real_instructor_nome, real_instructor_email, aplicado_por, nota, observacoes, status, created_at, updated_at
                    ) VALUES (
                        :adms_user_id, :adms_training_id, :data_realizacao, :data_avaliacao, :data_agendada, :instrutor_nome, :instrutor_email, :instructor_user_id, :real_instructor_nome, :real_instructor_email, :aplicado_por, :nota, :observacoes, :status, :created_at, NOW()
                    )

PARAMS: Array
(
    [:adms_user_id] => 51
    [:adms_training_id] => 9
    [:data_realizacao] => 2025-10-21
    [:data_avaliacao] => 2025-10-21
    [:data_agendada] => 
    [:instrutor_nome] => 
    [:instrutor_email] => wladimir.souza@tiaraju.com.br
    [:instructor_user_id] => 38
    [:real_instructor_nome] => Wladimir Ribeiro de Souza
    [:real_instructor_email] => wladimir.souza@tiaraju.com.br
    [:aplicado_por] => 15
    [:nota] => 9
    [:observacoes] => 
    [:status] => concluido
    [:created_at] => 2025-10-21 09:04:11
)

Novo ID: 33

==== NOVO INSERT ====
2025-10-21 09:08:08
Array
(
    [adms_user_id] => 49
    [adms_training_id] => 9
    [data_realizacao] => 2025-10-21
    [data_avaliacao] => 2025-10-21
    [data_agendada] => 
    [nota] => 8
    [observacoes] => 
    [instrutor_nome] => 
    [instrutor_email] => wladimir.souza@tiaraju.com.br
    [instructor_user_id] => 38
    [real_instructor_nome] => Wladimir Ribeiro de Souza
    [real_instructor_email] => wladimir.souza@tiaraju.com.br
    [aplicado_por] => 15
    [status] => concluido
)

SQL: INSERT INTO adms_training_applications (
                        adms_user_id, adms_training_id, data_realizacao, data_avaliacao, data_agendada, instrutor_nome, instrutor_email, instructor_user_id, real_instructor_nome, real_instructor_email, aplicado_por, nota, observacoes, status, created_at, updated_at
                    ) VALUES (
                        :adms_user_id, :adms_training_id, :data_realizacao, :data_avaliacao, :data_agendada, :instrutor_nome, :instrutor_email, :instructor_user_id, :real_instructor_nome, :real_instructor_email, :aplicado_por, :nota, :observacoes, :status, :created_at, NOW()
                    )

PARAMS: Array
(
    [:adms_user_id] => 49
    [:adms_training_id] => 9
    [:data_realizacao] => 2025-10-21
    [:data_avaliacao] => 2025-10-21
    [:data_agendada] => 
    [:instrutor_nome] => 
    [:instrutor_email] => wladimir.souza@tiaraju.com.br
    [:instructor_user_id] => 38
    [:real_instructor_nome] => Wladimir Ribeiro de Souza
    [:real_instructor_email] => wladimir.souza@tiaraju.com.br
    [:aplicado_por] => 15
    [:nota] => 8
    [:observacoes] => 
    [:status] => concluido
    [:created_at] => 2025-10-21 09:08:08
)

Novo ID: 34

==== NOVO INSERT ====
2025-10-21 09:08:50
Array
(
    [adms_user_id] => 173
    [adms_training_id] => 9
    [data_realizacao] => 2025-10-21
    [data_avaliacao] => 2025-10-21
    [data_agendada] => 
    [nota] => 8
    [observacoes] => 
    [instrutor_nome] => 
    [instrutor_email] => wladimir.souza@tiaraju.com.br
    [instructor_user_id] => 38
    [real_instructor_nome] => Wladimir Ribeiro de Souza
    [real_instructor_email] => wladimir.souza@tiaraju.com.br
    [aplicado_por] => 15
    [status] => concluido
)

SQL: INSERT INTO adms_training_applications (
                        adms_user_id, adms_training_id, data_realizacao, data_avaliacao, data_agendada, instrutor_nome, instrutor_email, instructor_user_id, real_instructor_nome, real_instructor_email, aplicado_por, nota, observacoes, status, created_at, updated_at
                    ) VALUES (
                        :adms_user_id, :adms_training_id, :data_realizacao, :data_avaliacao, :data_agendada, :instrutor_nome, :instrutor_email, :instructor_user_id, :real_instructor_nome, :real_instructor_email, :aplicado_por, :nota, :observacoes, :status, :created_at, NOW()
                    )

PARAMS: Array
(
    [:adms_user_id] => 173
    [:adms_training_id] => 9
    [:data_realizacao] => 2025-10-21
    [:data_avaliacao] => 2025-10-21
    [:data_agendada] => 
    [:instrutor_nome] => 
    [:instrutor_email] => wladimir.souza@tiaraju.com.br
    [:instructor_user_id] => 38
    [:real_instructor_nome] => Wladimir Ribeiro de Souza
    [:real_instructor_email] => wladimir.souza@tiaraju.com.br
    [:aplicado_por] => 15
    [:nota] => 8
    [:observacoes] => 
    [:status] => concluido
    [:created_at] => 2025-10-21 09:08:50
)

Novo ID: 35

==== NOVO INSERT ====
2025-10-21 09:10:11
Array
(
    [adms_user_id] => 100
    [adms_training_id] => 9
    [data_realizacao] => 2025-10-21
    [data_avaliacao] => 2025-10-21
    [data_agendada] => 
    [nota] => 8
    [observacoes] => 
    [instrutor_nome] => 
    [instrutor_email] => wladimir.souza@tiaraju.com.br
    [instructor_user_id] => 38
    [real_instructor_nome] => Wladimir Ribeiro de Souza
    [real_instructor_email] => wladimir.souza@tiaraju.com.br
    [aplicado_por] => 15
    [status] => concluido
)

SQL: INSERT INTO adms_training_applications (
                        adms_user_id, adms_training_id, data_realizacao, data_avaliacao, data_agendada, instrutor_nome, instrutor_email, instructor_user_id, real_instructor_nome, real_instructor_email, aplicado_por, nota, observacoes, status, created_at, updated_at
                    ) VALUES (
                        :adms_user_id, :adms_training_id, :data_realizacao, :data_avaliacao, :data_agendada, :instrutor_nome, :instrutor_email, :instructor_user_id, :real_instructor_nome, :real_instructor_email, :aplicado_por, :nota, :observacoes, :status, :created_at, NOW()
                    )

PARAMS: Array
(
    [:adms_user_id] => 100
    [:adms_training_id] => 9
    [:data_realizacao] => 2025-10-21
    [:data_avaliacao] => 2025-10-21
    [:data_agendada] => 
    [:instrutor_nome] => 
    [:instrutor_email] => wladimir.souza@tiaraju.com.br
    [:instructor_user_id] => 38
    [:real_instructor_nome] => Wladimir Ribeiro de Souza
    [:real_instructor_email] => wladimir.souza@tiaraju.com.br
    [:aplicado_por] => 15
    [:nota] => 8
    [:observacoes] => 
    [:status] => concluido
    [:created_at] => 2025-10-21 09:10:11
)

Novo ID: 36

==== NOVO INSERT ====
2025-10-21 09:12:38
Array
(
    [adms_user_id] => 52
    [adms_training_id] => 9
    [data_realizacao] => 2025-10-21
    [data_avaliacao] => 2025-10-21
    [data_agendada] => 
    [nota] => 9.3
    [observacoes] => 
    [instrutor_nome] => 
    [instrutor_email] => wladimir.souza@tiaraju.com.br
    [instructor_user_id] => 38
    [real_instructor_nome] => Wladimir Ribeiro de Souza
    [real_instructor_email] => wladimir.souza@tiaraju.com.br
    [aplicado_por] => 1
    [status] => concluido
)

SQL: INSERT INTO adms_training_applications (
                        adms_user_id, adms_training_id, data_realizacao, data_avaliacao, data_agendada, instrutor_nome, instrutor_email, instructor_user_id, real_instructor_nome, real_instructor_email, aplicado_por, nota, observacoes, status, created_at, updated_at
                    ) VALUES (
                        :adms_user_id, :adms_training_id, :data_realizacao, :data_avaliacao, :data_agendada, :instrutor_nome, :instrutor_email, :instructor_user_id, :real_instructor_nome, :real_instructor_email, :aplicado_por, :nota, :observacoes, :status, :created_at, NOW()
                    )

PARAMS: Array
(
    [:adms_user_id] => 52
    [:adms_training_id] => 9
    [:data_realizacao] => 2025-10-21
    [:data_avaliacao] => 2025-10-21
    [:data_agendada] => 
    [:instrutor_nome] => 
    [:instrutor_email] => wladimir.souza@tiaraju.com.br
    [:instructor_user_id] => 38
    [:real_instructor_nome] => Wladimir Ribeiro de Souza
    [:real_instructor_email] => wladimir.souza@tiaraju.com.br
    [:aplicado_por] => 1
    [:nota] => 9.3
    [:observacoes] => 
    [:status] => concluido
    [:created_at] => 2025-10-21 09:12:38
)

Novo ID: 37

==== NOVO INSERT ====
2025-10-21 09:21:29
Array
(
    [adms_user_id] => 39
    [adms_training_id] => 9
    [data_realizacao] => 2025-10-21
    [data_avaliacao] => 2025-10-21
    [data_agendada] => 
    [nota] => 8
    [observacoes] => 
    [instrutor_nome] => 
    [instrutor_email] => wladimir.souza@tiaraju.com.br
    [instructor_user_id] => 38
    [real_instructor_nome] => Wladimir Ribeiro de Souza
    [real_instructor_email] => wladimir.souza@tiaraju.com.br
    [aplicado_por] => 15
    [status] => concluido
)

SQL: INSERT INTO adms_training_applications (
                        adms_user_id, adms_training_id, data_realizacao, data_avaliacao, data_agendada, instrutor_nome, instrutor_email, instructor_user_id, real_instructor_nome, real_instructor_email, aplicado_por, nota, observacoes, status, created_at, updated_at
                    ) VALUES (
                        :adms_user_id, :adms_training_id, :data_realizacao, :data_avaliacao, :data_agendada, :instrutor_nome, :instrutor_email, :instructor_user_id, :real_instructor_nome, :real_instructor_email, :aplicado_por, :nota, :observacoes, :status, :created_at, NOW()
                    )

PARAMS: Array
(
    [:adms_user_id] => 39
    [:adms_training_id] => 9
    [:data_realizacao] => 2025-10-21
    [:data_avaliacao] => 2025-10-21
    [:data_agendada] => 
    [:instrutor_nome] => 
    [:instrutor_email] => wladimir.souza@tiaraju.com.br
    [:instructor_user_id] => 38
    [:real_instructor_nome] => Wladimir Ribeiro de Souza
    [:real_instructor_email] => wladimir.souza@tiaraju.com.br
    [:aplicado_por] => 15
    [:nota] => 8
    [:observacoes] => 
    [:status] => concluido
    [:created_at] => 2025-10-21 09:21:29
)

Novo ID: 38

==== NOVO INSERT ====
2025-10-21 09:44:03
Array
(
    [adms_user_id] => 16
    [adms_training_id] => 9
    [data_realizacao] => 2025-10-21
    [data_avaliacao] => 2025-10-21
    [data_agendada] => 
    [nota] => 8
    [observacoes] => 
    [instrutor_nome] => 
    [instrutor_email] => wladimir.souza@tiaraju.com.br
    [instructor_user_id] => 38
    [real_instructor_nome] => Wladimir Ribeiro de Souza
    [real_instructor_email] => wladimir.souza@tiaraju.com.br
    [aplicado_por] => 15
    [status] => concluido
)

SQL: INSERT INTO adms_training_applications (
                        adms_user_id, adms_training_id, data_realizacao, data_avaliacao, data_agendada, instrutor_nome, instrutor_email, instructor_user_id, real_instructor_nome, real_instructor_email, aplicado_por, nota, observacoes, status, created_at, updated_at
                    ) VALUES (
                        :adms_user_id, :adms_training_id, :data_realizacao, :data_avaliacao, :data_agendada, :instrutor_nome, :instrutor_email, :instructor_user_id, :real_instructor_nome, :real_instructor_email, :aplicado_por, :nota, :observacoes, :status, :created_at, NOW()
                    )

PARAMS: Array
(
    [:adms_user_id] => 16
    [:adms_training_id] => 9
    [:data_realizacao] => 2025-10-21
    [:data_avaliacao] => 2025-10-21
    [:data_agendada] => 
    [:instrutor_nome] => 
    [:instrutor_email] => wladimir.souza@tiaraju.com.br
    [:instructor_user_id] => 38
    [:real_instructor_nome] => Wladimir Ribeiro de Souza
    [:real_instructor_email] => wladimir.souza@tiaraju.com.br
    [:aplicado_por] => 15
    [:nota] => 8
    [:observacoes] => 
    [:status] => concluido
    [:created_at] => 2025-10-21 09:44:03
)

Novo ID: 39

==== NOVO INSERT ====
2025-10-21 09:44:33
Array
(
    [adms_user_id] => 148
    [adms_training_id] => 9
    [data_realizacao] => 2025-10-21
    [data_avaliacao] => 2025-10-21
    [data_agendada] => 
    [nota] => 7
    [observacoes] => 
    [instrutor_nome] => 
    [instrutor_email] => wladimir.souza@tiaraju.com.br
    [instructor_user_id] => 38
    [real_instructor_nome] => Wladimir Ribeiro de Souza
    [real_instructor_email] => wladimir.souza@tiaraju.com.br
    [aplicado_por] => 15
    [status] => concluido
)

SQL: INSERT INTO adms_training_applications (
                        adms_user_id, adms_training_id, data_realizacao, data_avaliacao, data_agendada, instrutor_nome, instrutor_email, instructor_user_id, real_instructor_nome, real_instructor_email, aplicado_por, nota, observacoes, status, created_at, updated_at
                    ) VALUES (
                        :adms_user_id, :adms_training_id, :data_realizacao, :data_avaliacao, :data_agendada, :instrutor_nome, :instrutor_email, :instructor_user_id, :real_instructor_nome, :real_instructor_email, :aplicado_por, :nota, :observacoes, :status, :created_at, NOW()
                    )

PARAMS: Array
(
    [:adms_user_id] => 148
    [:adms_training_id] => 9
    [:data_realizacao] => 2025-10-21
    [:data_avaliacao] => 2025-10-21
    [:data_agendada] => 
    [:instrutor_nome] => 
    [:instrutor_email] => wladimir.souza@tiaraju.com.br
    [:instructor_user_id] => 38
    [:real_instructor_nome] => Wladimir Ribeiro de Souza
    [:real_instructor_email] => wladimir.souza@tiaraju.com.br
    [:aplicado_por] => 15
    [:nota] => 7
    [:observacoes] => 
    [:status] => concluido
    [:created_at] => 2025-10-21 09:44:33
)

Novo ID: 40

==== NOVO INSERT ====
2025-10-21 10:45:47
Array
(
    [adms_user_id] => 29
    [adms_training_id] => 9
    [data_realizacao] => 2025-10-21
    [data_avaliacao] => 2025-10-21
    [data_agendada] => 
    [nota] => 8
    [observacoes] => 
    [instrutor_nome] => 
    [instrutor_email] => wladimir.souza@tiaraju.com.br
    [instructor_user_id] => 38
    [real_instructor_nome] => Wladimir Ribeiro de Souza
    [real_instructor_email] => wladimir.souza@tiaraju.com.br
    [aplicado_por] => 15
    [status] => concluido
)

SQL: INSERT INTO adms_training_applications (
                        adms_user_id, adms_training_id, data_realizacao, data_avaliacao, data_agendada, instrutor_nome, instrutor_email, instructor_user_id, real_instructor_nome, real_instructor_email, aplicado_por, nota, observacoes, status, created_at, updated_at
                    ) VALUES (
                        :adms_user_id, :adms_training_id, :data_realizacao, :data_avaliacao, :data_agendada, :instrutor_nome, :instrutor_email, :instructor_user_id, :real_instructor_nome, :real_instructor_email, :aplicado_por, :nota, :observacoes, :status, :created_at, NOW()
                    )

PARAMS: Array
(
    [:adms_user_id] => 29
    [:adms_training_id] => 9
    [:data_realizacao] => 2025-10-21
    [:data_avaliacao] => 2025-10-21
    [:data_agendada] => 
    [:instrutor_nome] => 
    [:instrutor_email] => wladimir.souza@tiaraju.com.br
    [:instructor_user_id] => 38
    [:real_instructor_nome] => Wladimir Ribeiro de Souza
    [:real_instructor_email] => wladimir.souza@tiaraju.com.br
    [:aplicado_por] => 15
    [:nota] => 8
    [:observacoes] => 
    [:status] => concluido
    [:created_at] => 2025-10-21 10:45:47
)

Novo ID: 41

==== NOVO INSERT ====
2025-10-21 10:46:05
Array
(
    [adms_user_id] => 109
    [adms_training_id] => 9
    [data_realizacao] => 2025-10-21
    [data_avaliacao] => 2025-10-21
    [data_agendada] => 
    [nota] => 7
    [observacoes] => 
    [instrutor_nome] => 
    [instrutor_email] => wladimir.souza@tiaraju.com.br
    [instructor_user_id] => 38
    [real_instructor_nome] => Wladimir Ribeiro de Souza
    [real_instructor_email] => wladimir.souza@tiaraju.com.br
    [aplicado_por] => 15
    [status] => concluido
)

SQL: INSERT INTO adms_training_applications (
                        adms_user_id, adms_training_id, data_realizacao, data_avaliacao, data_agendada, instrutor_nome, instrutor_email, instructor_user_id, real_instructor_nome, real_instructor_email, aplicado_por, nota, observacoes, status, created_at, updated_at
                    ) VALUES (
                        :adms_user_id, :adms_training_id, :data_realizacao, :data_avaliacao, :data_agendada, :instrutor_nome, :instrutor_email, :instructor_user_id, :real_instructor_nome, :real_instructor_email, :aplicado_por, :nota, :observacoes, :status, :created_at, NOW()
                    )

PARAMS: Array
(
    [:adms_user_id] => 109
    [:adms_training_id] => 9
    [:data_realizacao] => 2025-10-21
    [:data_avaliacao] => 2025-10-21
    [:data_agendada] => 
    [:instrutor_nome] => 
    [:instrutor_email] => wladimir.souza@tiaraju.com.br
    [:instructor_user_id] => 38
    [:real_instructor_nome] => Wladimir Ribeiro de Souza
    [:real_instructor_email] => wladimir.souza@tiaraju.com.br
    [:aplicado_por] => 15
    [:nota] => 7
    [:observacoes] => 
    [:status] => concluido
    [:created_at] => 2025-10-21 10:46:05
)

Novo ID: 42

==== NOVO INSERT ====
2025-10-21 10:58:47
Array
(
    [adms_user_id] => 108
    [adms_training_id] => 9
    [data_realizacao] => 2025-10-21
    [data_avaliacao] => 2025-10-21
    [data_agendada] => 
    [nota] => 4
    [observacoes] => 
    [instrutor_nome] => 
    [instrutor_email] => wladimir.souza@tiaraju.com.br
    [instructor_user_id] => 38
    [real_instructor_nome] => Wladimir Ribeiro de Souza
    [real_instructor_email] => wladimir.souza@tiaraju.com.br
    [aplicado_por] => 15
    [status] => concluido
)

SQL: INSERT INTO adms_training_applications (
                        adms_user_id, adms_training_id, data_realizacao, data_avaliacao, data_agendada, instrutor_nome, instrutor_email, instructor_user_id, real_instructor_nome, real_instructor_email, aplicado_por, nota, observacoes, status, created_at, updated_at
                    ) VALUES (
                        :adms_user_id, :adms_training_id, :data_realizacao, :data_avaliacao, :data_agendada, :instrutor_nome, :instrutor_email, :instructor_user_id, :real_instructor_nome, :real_instructor_email, :aplicado_por, :nota, :observacoes, :status, :created_at, NOW()
                    )

PARAMS: Array
(
    [:adms_user_id] => 108
    [:adms_training_id] => 9
    [:data_realizacao] => 2025-10-21
    [:data_avaliacao] => 2025-10-21
    [:data_agendada] => 
    [:instrutor_nome] => 
    [:instrutor_email] => wladimir.souza@tiaraju.com.br
    [:instructor_user_id] => 38
    [:real_instructor_nome] => Wladimir Ribeiro de Souza
    [:real_instructor_email] => wladimir.souza@tiaraju.com.br
    [:aplicado_por] => 15
    [:nota] => 4
    [:observacoes] => 
    [:status] => concluido
    [:created_at] => 2025-10-21 10:58:47
)

Novo ID: 43

==== NOVO INSERT ====
2025-10-21 10:59:08
Array
(
    [adms_user_id] => 140
    [adms_training_id] => 9
    [data_realizacao] => 2025-10-21
    [data_avaliacao] => 2025-10-21
    [data_agendada] => 
    [nota] => 6.7
    [observacoes] => 
    [instrutor_nome] => 
    [instrutor_email] => wladimir.souza@tiaraju.com.br
    [instructor_user_id] => 38
    [real_instructor_nome] => Wladimir Ribeiro de Souza
    [real_instructor_email] => wladimir.souza@tiaraju.com.br
    [aplicado_por] => 15
    [status] => concluido
)

SQL: INSERT INTO adms_training_applications (
                        adms_user_id, adms_training_id, data_realizacao, data_avaliacao, data_agendada, instrutor_nome, instrutor_email, instructor_user_id, real_instructor_nome, real_instructor_email, aplicado_por, nota, observacoes, status, created_at, updated_at
                    ) VALUES (
                        :adms_user_id, :adms_training_id, :data_realizacao, :data_avaliacao, :data_agendada, :instrutor_nome, :instrutor_email, :instructor_user_id, :real_instructor_nome, :real_instructor_email, :aplicado_por, :nota, :observacoes, :status, :created_at, NOW()
                    )

PARAMS: Array
(
    [:adms_user_id] => 140
    [:adms_training_id] => 9
    [:data_realizacao] => 2025-10-21
    [:data_avaliacao] => 2025-10-21
    [:data_agendada] => 
    [:instrutor_nome] => 
    [:instrutor_email] => wladimir.souza@tiaraju.com.br
    [:instructor_user_id] => 38
    [:real_instructor_nome] => Wladimir Ribeiro de Souza
    [:real_instructor_email] => wladimir.souza@tiaraju.com.br
    [:aplicado_por] => 15
    [:nota] => 6.7
    [:observacoes] => 
    [:status] => concluido
    [:created_at] => 2025-10-21 10:59:08
)

Novo ID: 44

==== NOVO INSERT ====
2025-10-21 11:11:12
Array
(
    [adms_user_id] => 140
    [adms_training_id] => 9
    [data_realizacao] => 2025-10-21
    [data_avaliacao] => 2025-10-21
    [data_agendada] => 
    [nota] => 6.70
    [observacoes] => 
    [instrutor_nome] => 
    [instrutor_email] => wladimir.souza@tiaraju.com.br
    [instructor_user_id] => 38
    [real_instructor_nome] => Wladimir Ribeiro de Souza
    [real_instructor_email] => wladimir.souza@tiaraju.com.br
    [aplicado_por] => 15
    [status] => concluido
)

SQL: INSERT INTO adms_training_applications (
                        adms_user_id, adms_training_id, data_realizacao, data_avaliacao, data_agendada, instrutor_nome, instrutor_email, instructor_user_id, real_instructor_nome, real_instructor_email, aplicado_por, nota, observacoes, status, created_at, updated_at
                    ) VALUES (
                        :adms_user_id, :adms_training_id, :data_realizacao, :data_avaliacao, :data_agendada, :instrutor_nome, :instrutor_email, :instructor_user_id, :real_instructor_nome, :real_instructor_email, :aplicado_por, :nota, :observacoes, :status, :created_at, NOW()
                    )

PARAMS: Array
(
    [:adms_user_id] => 140
    [:adms_training_id] => 9
    [:data_realizacao] => 2025-10-21
    [:data_avaliacao] => 2025-10-21
    [:data_agendada] => 
    [:instrutor_nome] => 
    [:instrutor_email] => wladimir.souza@tiaraju.com.br
    [:instructor_user_id] => 38
    [:real_instructor_nome] => Wladimir Ribeiro de Souza
    [:real_instructor_email] => wladimir.souza@tiaraju.com.br
    [:aplicado_por] => 15
    [:nota] => 6.70
    [:observacoes] => 
    [:status] => concluido
    [:created_at] => 2025-10-21 11:11:12
)

Novo ID: 45

==== NOVO INSERT ====
2025-10-21 11:12:15
Array
(
    [adms_user_id] => 14
    [adms_training_id] => 9
    [data_realizacao] => 2025-10-21
    [data_avaliacao] => 2025-10-21
    [data_agendada] => 
    [nota] => 6
    [observacoes] => 
    [instrutor_nome] => 
    [instrutor_email] => wladimir.souza@tiaraju.com.br
    [instructor_user_id] => 38
    [real_instructor_nome] => Wladimir Ribeiro de Souza
    [real_instructor_email] => wladimir.souza@tiaraju.com.br
    [aplicado_por] => 15
    [status] => concluido
)

SQL: INSERT INTO adms_training_applications (
                        adms_user_id, adms_training_id, data_realizacao, data_avaliacao, data_agendada, instrutor_nome, instrutor_email, instructor_user_id, real_instructor_nome, real_instructor_email, aplicado_por, nota, observacoes, status, created_at, updated_at
                    ) VALUES (
                        :adms_user_id, :adms_training_id, :data_realizacao, :data_avaliacao, :data_agendada, :instrutor_nome, :instrutor_email, :instructor_user_id, :real_instructor_nome, :real_instructor_email, :aplicado_por, :nota, :observacoes, :status, :created_at, NOW()
                    )

PARAMS: Array
(
    [:adms_user_id] => 14
    [:adms_training_id] => 9
    [:data_realizacao] => 2025-10-21
    [:data_avaliacao] => 2025-10-21
    [:data_agendada] => 
    [:instrutor_nome] => 
    [:instrutor_email] => wladimir.souza@tiaraju.com.br
    [:instructor_user_id] => 38
    [:real_instructor_nome] => Wladimir Ribeiro de Souza
    [:real_instructor_email] => wladimir.souza@tiaraju.com.br
    [:aplicado_por] => 15
    [:nota] => 6
    [:observacoes] => 
    [:status] => concluido
    [:created_at] => 2025-10-21 11:12:15
)

Novo ID: 46

==== NOVO INSERT ====
2025-10-21 13:47:03
Array
(
    [adms_user_id] => 107
    [adms_training_id] => 9
    [data_realizacao] => 2025-10-21
    [data_avaliacao] => 2025-10-21
    [data_agendada] => 
    [nota] => 7
    [observacoes] => 
    [instrutor_nome] => 
    [instrutor_email] => wladimir.souza@tiaraju.com.br
    [instructor_user_id] => 38
    [real_instructor_nome] => Wladimir Ribeiro de Souza
    [real_instructor_email] => wladimir.souza@tiaraju.com.br
    [aplicado_por] => 15
    [status] => concluido
)

SQL: INSERT INTO adms_training_applications (
                        adms_user_id, adms_training_id, data_realizacao, data_avaliacao, data_agendada, instrutor_nome, instrutor_email, instructor_user_id, real_instructor_nome, real_instructor_email, aplicado_por, nota, observacoes, status, created_at, updated_at
                    ) VALUES (
                        :adms_user_id, :adms_training_id, :data_realizacao, :data_avaliacao, :data_agendada, :instrutor_nome, :instrutor_email, :instructor_user_id, :real_instructor_nome, :real_instructor_email, :aplicado_por, :nota, :observacoes, :status, :created_at, NOW()
                    )

PARAMS: Array
(
    [:adms_user_id] => 107
    [:adms_training_id] => 9
    [:data_realizacao] => 2025-10-21
    [:data_avaliacao] => 2025-10-21
    [:data_agendada] => 
    [:instrutor_nome] => 
    [:instrutor_email] => wladimir.souza@tiaraju.com.br
    [:instructor_user_id] => 38
    [:real_instructor_nome] => Wladimir Ribeiro de Souza
    [:real_instructor_email] => wladimir.souza@tiaraju.com.br
    [:aplicado_por] => 15
    [:nota] => 7
    [:observacoes] => 
    [:status] => concluido
    [:created_at] => 2025-10-21 13:47:03
)

Novo ID: 47

==== NOVO INSERT ====
2025-10-21 14:30:57
Array
(
    [adms_user_id] => 10
    [adms_training_id] => 9
    [data_realizacao] => 2025-10-21
    [data_avaliacao] => 2025-10-21
    [data_agendada] => 
    [nota] => 7
    [observacoes] => 
    [instrutor_nome] => 
    [instrutor_email] => wladimir.souza@tiaraju.com.br
    [instructor_user_id] => 38
    [real_instructor_nome] => Wladimir Ribeiro de Souza
    [real_instructor_email] => wladimir.souza@tiaraju.com.br
    [aplicado_por] => 15
    [status] => concluido
)

SQL: INSERT INTO adms_training_applications (
                        adms_user_id, adms_training_id, data_realizacao, data_avaliacao, data_agendada, instrutor_nome, instrutor_email, instructor_user_id, real_instructor_nome, real_instructor_email, aplicado_por, nota, observacoes, status, created_at, updated_at
                    ) VALUES (
                        :adms_user_id, :adms_training_id, :data_realizacao, :data_avaliacao, :data_agendada, :instrutor_nome, :instrutor_email, :instructor_user_id, :real_instructor_nome, :real_instructor_email, :aplicado_por, :nota, :observacoes, :status, :created_at, NOW()
                    )

PARAMS: Array
(
    [:adms_user_id] => 10
    [:adms_training_id] => 9
    [:data_realizacao] => 2025-10-21
    [:data_avaliacao] => 2025-10-21
    [:data_agendada] => 
    [:instrutor_nome] => 
    [:instrutor_email] => wladimir.souza@tiaraju.com.br
    [:instructor_user_id] => 38
    [:real_instructor_nome] => Wladimir Ribeiro de Souza
    [:real_instructor_email] => wladimir.souza@tiaraju.com.br
    [:aplicado_por] => 15
    [:nota] => 7
    [:observacoes] => 
    [:status] => concluido
    [:created_at] => 2025-10-21 14:30:57
)

Novo ID: 48

==== NOVO INSERT ====
2025-10-21 14:31:14
Array
(
    [adms_user_id] => 106
    [adms_training_id] => 9
    [data_realizacao] => 2025-10-21
    [data_avaliacao] => 2025-10-21
    [data_agendada] => 
    [nota] => 7
    [observacoes] => 
    [instrutor_nome] => 
    [instrutor_email] => wladimir.souza@tiaraju.com.br
    [instructor_user_id] => 38
    [real_instructor_nome] => Wladimir Ribeiro de Souza
    [real_instructor_email] => wladimir.souza@tiaraju.com.br
    [aplicado_por] => 15
    [status] => concluido
)

SQL: INSERT INTO adms_training_applications (
                        adms_user_id, adms_training_id, data_realizacao, data_avaliacao, data_agendada, instrutor_nome, instrutor_email, instructor_user_id, real_instructor_nome, real_instructor_email, aplicado_por, nota, observacoes, status, created_at, updated_at
                    ) VALUES (
                        :adms_user_id, :adms_training_id, :data_realizacao, :data_avaliacao, :data_agendada, :instrutor_nome, :instrutor_email, :instructor_user_id, :real_instructor_nome, :real_instructor_email, :aplicado_por, :nota, :observacoes, :status, :created_at, NOW()
                    )

PARAMS: Array
(
    [:adms_user_id] => 106
    [:adms_training_id] => 9
    [:data_realizacao] => 2025-10-21
    [:data_avaliacao] => 2025-10-21
    [:data_agendada] => 
    [:instrutor_nome] => 
    [:instrutor_email] => wladimir.souza@tiaraju.com.br
    [:instructor_user_id] => 38
    [:real_instructor_nome] => Wladimir Ribeiro de Souza
    [:real_instructor_email] => wladimir.souza@tiaraju.com.br
    [:aplicado_por] => 15
    [:nota] => 7
    [:observacoes] => 
    [:status] => concluido
    [:created_at] => 2025-10-21 14:31:14
)

Novo ID: 49

==== NOVO INSERT ====
2025-10-21 17:51:45
Array
(
    [adms_user_id] => 10
    [adms_training_id] => 10
    [data_realizacao] => 2025-10-21
    [data_avaliacao] => 2025-10-21
    [data_agendada] => 
    [nota] => 7
    [observacoes] => 
    [instrutor_nome] => 
    [instrutor_email] => andrei.almeida@tiaraju.com.br
    [instructor_user_id] => 145
    [real_instructor_nome] => Andrei Volmar Alves de Almeida
    [real_instructor_email] => andrei.almeida@tiaraju.com.br
    [aplicado_por] => 15
    [status] => concluido
)

SQL: INSERT INTO adms_training_applications (
                        adms_user_id, adms_training_id, data_realizacao, data_avaliacao, data_agendada, instrutor_nome, instrutor_email, instructor_user_id, real_instructor_nome, real_instructor_email, aplicado_por, nota, observacoes, status, created_at, updated_at
                    ) VALUES (
                        :adms_user_id, :adms_training_id, :data_realizacao, :data_avaliacao, :data_agendada, :instrutor_nome, :instrutor_email, :instructor_user_id, :real_instructor_nome, :real_instructor_email, :aplicado_por, :nota, :observacoes, :status, :created_at, NOW()
                    )

PARAMS: Array
(
    [:adms_user_id] => 10
    [:adms_training_id] => 10
    [:data_realizacao] => 2025-10-21
    [:data_avaliacao] => 2025-10-21
    [:data_agendada] => 
    [:instrutor_nome] => 
    [:instrutor_email] => andrei.almeida@tiaraju.com.br
    [:instructor_user_id] => 145
    [:real_instructor_nome] => Andrei Volmar Alves de Almeida
    [:real_instructor_email] => andrei.almeida@tiaraju.com.br
    [:aplicado_por] => 15
    [:nota] => 7
    [:observacoes] => 
    [:status] => concluido
    [:created_at] => 2025-10-21 17:51:45
)

Novo ID: 50

==== NOVO INSERT ====
2025-10-21 15:21:42
Array
(
    [adms_user_id] => 51
    [adms_training_id] => 9
    [data_realizacao] => 2025-10-21
    [data_avaliacao] => 2025-10-21
    [data_agendada] => 
    [nota] => 9.00
    [observacoes] => 
    [instrutor_nome] => 
    [instrutor_email] => wladimir.souza@tiaraju.com.br
    [instructor_user_id] => 38
    [real_instructor_nome] => Wladimir Ribeiro de Souza
    [real_instructor_email] => wladimir.souza@tiaraju.com.br
    [aplicado_por] => 15
    [status] => concluido
)

SQL: INSERT INTO adms_training_applications (
                        adms_user_id, adms_training_id, data_realizacao, data_avaliacao, data_agendada, instrutor_nome, instrutor_email, instructor_user_id, real_instructor_nome, real_instructor_email, aplicado_por, nota, observacoes, status, created_at, updated_at
                    ) VALUES (
                        :adms_user_id, :adms_training_id, :data_realizacao, :data_avaliacao, :data_agendada, :instrutor_nome, :instrutor_email, :instructor_user_id, :real_instructor_nome, :real_instructor_email, :aplicado_por, :nota, :observacoes, :status, :created_at, NOW()
                    )

PARAMS: Array
(
    [:adms_user_id] => 51
    [:adms_training_id] => 9
    [:data_realizacao] => 2025-10-21
    [:data_avaliacao] => 2025-10-21
    [:data_agendada] => 
    [:instrutor_nome] => 
    [:instrutor_email] => wladimir.souza@tiaraju.com.br
    [:instructor_user_id] => 38
    [:real_instructor_nome] => Wladimir Ribeiro de Souza
    [:real_instructor_email] => wladimir.souza@tiaraju.com.br
    [:aplicado_por] => 15
    [:nota] => 9.00
    [:observacoes] => 
    [:status] => concluido
    [:created_at] => 2025-10-21 15:21:42
)

Novo ID: 51

==== NOVO INSERT ====
2025-10-21 15:22:12
Array
(
    [adms_user_id] => 41
    [adms_training_id] => 9
    [data_realizacao] => 2025-10-21
    [data_avaliacao] => 2025-10-21
    [data_agendada] => 
    [nota] => 8.5
    [observacoes] => 
    [instrutor_nome] => 
    [instrutor_email] => wladimir.souza@tiaraju.com.br
    [instructor_user_id] => 38
    [real_instructor_nome] => Wladimir Ribeiro de Souza
    [real_instructor_email] => wladimir.souza@tiaraju.com.br
    [aplicado_por] => 15
    [status] => concluido
)

SQL: INSERT INTO adms_training_applications (
                        adms_user_id, adms_training_id, data_realizacao, data_avaliacao, data_agendada, instrutor_nome, instrutor_email, instructor_user_id, real_instructor_nome, real_instructor_email, aplicado_por, nota, observacoes, status, created_at, updated_at
                    ) VALUES (
                        :adms_user_id, :adms_training_id, :data_realizacao, :data_avaliacao, :data_agendada, :instrutor_nome, :instrutor_email, :instructor_user_id, :real_instructor_nome, :real_instructor_email, :aplicado_por, :nota, :observacoes, :status, :created_at, NOW()
                    )

PARAMS: Array
(
    [:adms_user_id] => 41
    [:adms_training_id] => 9
    [:data_realizacao] => 2025-10-21
    [:data_avaliacao] => 2025-10-21
    [:data_agendada] => 
    [:instrutor_nome] => 
    [:instrutor_email] => wladimir.souza@tiaraju.com.br
    [:instructor_user_id] => 38
    [:real_instructor_nome] => Wladimir Ribeiro de Souza
    [:real_instructor_email] => wladimir.souza@tiaraju.com.br
    [:aplicado_por] => 15
    [:nota] => 8.5
    [:observacoes] => 
    [:status] => concluido
    [:created_at] => 2025-10-21 15:22:12
)

Novo ID: 52
